
 RUN  v3.2.7 C:/Users/benla/Desktop/MyProjct/Zwadj/apps/client

stdout | src/components/venue/booking-request-panel.test.tsx
PLAFOND ABAISSABLE  "src/components/venue/booking-request-panel.test.tsx": 0 observé(s) sous un plafond de 5. Confirmer sur plusieurs passes avant d'abaisser.

 ❯ src/components/venue/booking-request-panel.test.tsx (21 tests | 16 failed) 14147ms
   × Demande de réservation — les dates > une date PRISE reste affichée, désactivée : ça aide à en choisir une autre 1112ms
     → Unable to find role="button" and name "lundi 16 août 2027, indisponible"

Ignored nodes: comments, script, style
<body>
  <div>
    <section
      aria-labelledby="booking-request-heading"
      class="card"
    >
      <h2
        id="booking-request-heading"
      >
        Demander cette salle
      </h2>
      <p
        class="muted"
      >
        Choisissez une date, puis envoyez votre demande. La salle répond ; rien n'est débité maintenant.
      </p>
      <div
        class="booking-calendar"
      >
        <div
          class="cal-head"
        >
          <button
            aria-label="Mois précédent"
            class="btn btn-ghost btn-icon"
            disabled=""
            type="button"
          >
            <svg
              aria-hidden="true"
              class="lucide lucide-chevron-left"
              data-mirror-rtl=""
              fill="none"
              focusable="false"
              height="16"
              stroke="currentColor"
              stroke-linecap="round"
              stroke-linejoin="round"
              stroke-width="1.75"
              viewBox="0 0 24 24"
              width="16"
              xmlns="http://www.w3.org/2000/svg"
            >
              <path
                d="m15 18-6-6 6-6"
              />
            </svg>
          </button>
          <strong
            aria-live="polite"
            id="_r_2_"
          >
            août 2027
          </strong>
          <button
            aria-label="Mois suivant"
            class="btn btn-ghost btn-icon"
            disabled=""
            type="button"
          >
            <svg
              aria-hidden="true"
              class="lucide lucide-chevron-right"
              data-mirror-rtl=""
              fill="none"
              focusable="false"
              height="16"
              stroke="currentColor"
              stroke-linecap="round"
              stroke-linejoin="round"
              stroke-width="1.75"
              viewBox="0 0 24 24"
              width="16"
              xmlns="http://www.w3.org/2000/svg"
            >
              <path
                d="m9 18 6-6-6-6"
              />
            </svg>
          </button>
        </div>
        <table
          aria-labelledby="_r_2_"
          class="cal-grid"
          role="grid"
        >
          <thead>
            <tr>
              <th
                scope="col"
              >
                <span
                  aria-hidden="true"
                >
                  dim.
                </span>
                <span
                  class="sr-only"
                >
                  dimanche
                </span>
              </th>
              <th
                scope="col"
              >
                <span
                  aria-hidden="true"
                >
                  lun.
                </span>
                <span
                  class="sr-only"
                >
                  lundi
                </span>
              </th>
              <th
                scope="col"
              >
                <span
                  aria-hidden="true"
                >
                  mar.
                </span>
                <span
                  class="sr-only"
                >
                  mardi
                </span>
              </th>
              <th
                scope="col"
              >
                <span
                  aria-hidden="true"
                >
                  mer.
                </span>
                <span
                  class="sr-only"
                >
                  mercredi
                </span>
              </th>
              <th
                scope="col"
              >
                <span
                  aria-hidden="true"
                >
                  jeu.
                </span>
                <span
                  class="sr-only"
                >
                  jeudi
                </span>
              </th>
              <th
                scope="col"
              >
                <span
                  aria-hidden="true"
                >
                  ven.
                </span>
                <span
                  class="sr-only"
                >
                  vendredi
                </span>
              </th>
              <th
                scope="col"
              >
                <span
                  aria-hidden="true"
                >
                  sam.
                </span>
                <span
                  class="sr-only"
                >
                  samedi
  ...

Ignored nodes: comments, script, style
<body>
  <div>
    <section
      aria-labelledby="booking-request-heading"
      class="card"
    >
      <h2
        id="booking-request-heading"
      >
        Demander cette salle
      </h2>
      <p
        class="muted"
      >
        Choisissez une date, puis envoyez votre demande. La salle répond ; rien n'est débité maintenant.
      </p>
      <div
        class="booking-calendar"
      >
        <div
          class="cal-head"
        >
          <button
            aria-label="Mois précédent"
            class="btn btn-ghost btn-icon"
            disabled=""
            type="button"
          >
            <svg
              aria-hidden="true"
              class="lucide lucide-chevron-left"
              data-mirror-rtl=""
              fill="none"
              focusable="false"
              height="16"
              stroke="currentColor"
              stroke-linecap="round"
              stroke-linejoin="round"
              stroke-width="1.75"
              viewBox="0 0 24 24"
              width="16"
              xmlns="http://www.w3.org/2000/svg"
            >
              <path
                d="m15 18-6-6 6-6"
              />
            </svg>
          </button>
          <strong
            aria-live="polite"
            id="_r_2_"
          >
            août 2027
          </strong>
          <button
            aria-label="Mois suivant"
            class="btn btn-ghost btn-icon"
            disabled=""
            type="button"
          >
            <svg
              aria-hidden="true"
              class="lucide lucide-chevron-right"
              data-mirror-rtl=""
              fill="none"
              focusable="false"
              height="16"
              stroke="currentColor"
              stroke-linecap="round"
              stroke-linejoin="round"
              stroke-width="1.75"
              viewBox="0 0 24 24"
              width="16"
              xmlns="http://www.w3.org/2000/svg"
            >
              <path
                d="m9 18 6-6-6-6"
              />
            </svg>
          </button>
        </div>
        <table
          aria-labelledby="_r_2_"
          class="cal-grid"
          role="grid"
        >
          <thead>
            <tr>
              <th
                scope="col"
              >
                <span
                  aria-hidden="true"
                >
                  dim.
                </span>
                <span
                  class="sr-only"
                >
                  dimanche
                </span>
              </th>
              <th
                scope="col"
              >
                <span
                  aria-hidden="true"
                >
                  lun.
                </span>
                <span
                  class="sr-only"
                >
                  lundi
                </span>
              </th>
              <th
                scope="col"
              >
                <span
                  aria-hidden="true"
                >
                  mar.
                </span>
                <span
                  class="sr-only"
                >
                  mardi
                </span>
              </th>
              <th
                scope="col"
              >
                <span
                  aria-hidden="true"
                >
                  mer.
                </span>
                <span
                  class="sr-only"
                >
                  mercredi
                </span>
              </th>
              <th
                scope="col"
              >
                <span
                  aria-hidden="true"
                >
                  jeu.
                </span>
                <span
                  class="sr-only"
                >
                  jeudi
                </span>
              </th>
              <th
                scope="col"
              >
                <span
                  aria-hidden="true"
                >
                  ven.
                </span>
                <span
                  class="sr-only"
                >
                  vendredi
                </span>
              </th>
              <th
                scope="col"
              >
                <span
                  aria-hidden="true"
                >
                  sam.
                </span>
                <span
                  class="sr-only"
                >
                  samedi
  ...
   × Demande de réservation — les dates > une date libre est cliquable 1024ms
     → Unable to find role="button" and name "dimanche 15 août 2027, disponible"

Ignored nodes: comments, script, style
<body>
  <div>
    <section
      aria-labelledby="booking-request-heading"
      class="card"
    >
      <h2
        id="booking-request-heading"
      >
        Demander cette salle
      </h2>
      <p
        class="muted"
      >
        Choisissez une date, puis envoyez votre demande. La salle répond ; rien n'est débité maintenant.
      </p>
      <div
        class="booking-calendar"
      >
        <div
          class="cal-head"
        >
          <button
            aria-label="Mois précédent"
            class="btn btn-ghost btn-icon"
            disabled=""
            type="button"
          >
            <svg
              aria-hidden="true"
              class="lucide lucide-chevron-left"
              data-mirror-rtl=""
              fill="none"
              focusable="false"
              height="16"
              stroke="currentColor"
              stroke-linecap="round"
              stroke-linejoin="round"
              stroke-width="1.75"
              viewBox="0 0 24 24"
              width="16"
              xmlns="http://www.w3.org/2000/svg"
            >
              <path
                d="m15 18-6-6 6-6"
              />
            </svg>
          </button>
          <strong
            aria-live="polite"
            id="_r_5_"
          >
            août 2027
          </strong>
          <button
            aria-label="Mois suivant"
            class="btn btn-ghost btn-icon"
            disabled=""
            type="button"
          >
            <svg
              aria-hidden="true"
              class="lucide lucide-chevron-right"
              data-mirror-rtl=""
              fill="none"
              focusable="false"
              height="16"
              stroke="currentColor"
              stroke-linecap="round"
              stroke-linejoin="round"
              stroke-width="1.75"
              viewBox="0 0 24 24"
              width="16"
              xmlns="http://www.w3.org/2000/svg"
            >
              <path
                d="m9 18 6-6-6-6"
              />
            </svg>
          </button>
        </div>
        <table
          aria-labelledby="_r_5_"
          class="cal-grid"
          role="grid"
        >
          <thead>
            <tr>
              <th
                scope="col"
              >
                <span
                  aria-hidden="true"
                >
                  dim.
                </span>
                <span
                  class="sr-only"
                >
                  dimanche
                </span>
              </th>
              <th
                scope="col"
              >
                <span
                  aria-hidden="true"
                >
                  lun.
                </span>
                <span
                  class="sr-only"
                >
                  lundi
                </span>
              </th>
              <th
                scope="col"
              >
                <span
                  aria-hidden="true"
                >
                  mar.
                </span>
                <span
                  class="sr-only"
                >
                  mardi
                </span>
              </th>
              <th
                scope="col"
              >
                <span
                  aria-hidden="true"
                >
                  mer.
                </span>
                <span
                  class="sr-only"
                >
                  mercredi
                </span>
              </th>
              <th
                scope="col"
              >
                <span
                  aria-hidden="true"
                >
                  jeu.
                </span>
                <span
                  class="sr-only"
                >
                  jeudi
                </span>
              </th>
              <th
                scope="col"
              >
                <span
                  aria-hidden="true"
                >
                  ven.
                </span>
                <span
                  class="sr-only"
                >
                  vendredi
                </span>
              </th>
              <th
                scope="col"
              >
                <span
                  aria-hidden="true"
                >
                  sam.
                </span>
                <span
                  class="sr-only"
                >
                  samedi
  ...

Ignored nodes: comments, script, style
<body>
  <div>
    <section
      aria-labelledby="booking-request-heading"
      class="card"
    >
      <h2
        id="booking-request-heading"
      >
        Demander cette salle
      </h2>
      <p
        class="muted"
      >
        Choisissez une date, puis envoyez votre demande. La salle répond ; rien n'est débité maintenant.
      </p>
      <div
        class="booking-calendar"
      >
        <div
          class="cal-head"
        >
          <button
            aria-label="Mois précédent"
            class="btn btn-ghost btn-icon"
            disabled=""
            type="button"
          >
            <svg
              aria-hidden="true"
              class="lucide lucide-chevron-left"
              data-mirror-rtl=""
              fill="none"
              focusable="false"
              height="16"
              stroke="currentColor"
              stroke-linecap="round"
              stroke-linejoin="round"
              stroke-width="1.75"
              viewBox="0 0 24 24"
              width="16"
              xmlns="http://www.w3.org/2000/svg"
            >
              <path
                d="m15 18-6-6 6-6"
              />
            </svg>
          </button>
          <strong
            aria-live="polite"
            id="_r_5_"
          >
            août 2027
          </strong>
          <button
            aria-label="Mois suivant"
            class="btn btn-ghost btn-icon"
            disabled=""
            type="button"
          >
            <svg
              aria-hidden="true"
              class="lucide lucide-chevron-right"
              data-mirror-rtl=""
              fill="none"
              focusable="false"
              height="16"
              stroke="currentColor"
              stroke-linecap="round"
              stroke-linejoin="round"
              stroke-width="1.75"
              viewBox="0 0 24 24"
              width="16"
              xmlns="http://www.w3.org/2000/svg"
            >
              <path
                d="m9 18 6-6-6-6"
              />
            </svg>
          </button>
        </div>
        <table
          aria-labelledby="_r_5_"
          class="cal-grid"
          role="grid"
        >
          <thead>
            <tr>
              <th
                scope="col"
              >
                <span
                  aria-hidden="true"
                >
                  dim.
                </span>
                <span
                  class="sr-only"
                >
                  dimanche
                </span>
              </th>
              <th
                scope="col"
              >
                <span
                  aria-hidden="true"
                >
                  lun.
                </span>
                <span
                  class="sr-only"
                >
                  lundi
                </span>
              </th>
              <th
                scope="col"
              >
                <span
                  aria-hidden="true"
                >
                  mar.
                </span>
                <span
                  class="sr-only"
                >
                  mardi
                </span>
              </th>
              <th
                scope="col"
              >
                <span
                  aria-hidden="true"
                >
                  mer.
                </span>
                <span
                  class="sr-only"
                >
                  mercredi
                </span>
              </th>
              <th
                scope="col"
              >
                <span
                  aria-hidden="true"
                >
                  jeu.
                </span>
                <span
                  class="sr-only"
                >
                  jeudi
                </span>
              </th>
              <th
                scope="col"
              >
                <span
                  aria-hidden="true"
                >
                  ven.
                </span>
                <span
                  class="sr-only"
                >
                  vendredi
                </span>
              </th>
              <th
                scope="col"
              >
                <span
                  aria-hidden="true"
                >
                  sam.
                </span>
                <span
                  class="sr-only"
                >
                  samedi
  ...
   ✓ Demande de réservation — les dates > GARDE DE FORME : une réponse sans `days` n'emporte pas la fiche salle (C5b) — et elle se dit ÉCHEC 26ms
   ✓ Demande de réservation — un calendrier, pas une liste (rang 29, D321) > C-j : UN mois à la fois — jamais les 182 jours d'un coup 28ms
   × Demande de réservation — un calendrier, pas une liste (rang 29, D321) > C-c : la navigation parcourt la fenêtre de six mois, et n'en sort pas 357ms
     → Unable to find an accessible element with the role "button" and name "dimanche 30 janvier 2028, disponible"

Here are the accessible roles:

  region:

  Name "Demander cette salle":
  <section
    aria-labelledby="booking-request-heading"
    class="card"
  />

  --------------------------------------------------
  heading:

  Name "Demander cette salle":
  <h2
    id="booking-request-heading"
  />

  --------------------------------------------------
  paragraph:

  Name "":
  <p
    class="muted"
  />

  --------------------------------------------------
  button:

  Name "Mois précédent":
  <button
    aria-label="Mois précédent"
    class="btn btn-ghost btn-icon"
    type="button"
  />

  Name "Mois suivant":
  <button
    aria-label="Mois suivant"
    class="btn btn-ghost btn-icon"
    disabled=""
    type="button"
  />

  Name "1":
  <button
    aria-label="1"
    aria-pressed="false"
    class="cal-day"
    tabindex="0"
    type="button"
  />

  Name "2":
  <button
    aria-label="2"
    aria-pressed="false"
    class="cal-day"
    tabindex="-1"
    type="button"
  />

  Name "3":
  <button
    aria-label="3"
    aria-pressed="false"
    class="cal-day"
    tabindex="-1"
    type="button"
  />

  Name "4":
  <button
    aria-label="4"
    aria-pressed="false"
    class="cal-day"
    tabindex="-1"
    type="button"
  />

  Name "5":
  <button
    aria-label="5"
    aria-pressed="false"
    class="cal-day"
    tabindex="-1"
    type="button"
  />

  Name "6":
  <button
    aria-label="6"
    aria-pressed="false"
    class="cal-day"
    tabindex="-1"
    type="button"
  />

  Name "7":
  <button
    aria-label="7"
    aria-pressed="false"
    class="cal-day"
    tabindex="-1"
    type="button"
  />

  Name "8":
  <button
    aria-label="8"
    aria-pressed="false"
    class="cal-day"
    tabindex="-1"
    type="button"
  />

  Name "9":
  <button
    aria-label="9"
    aria-pressed="false"
    class="cal-day"
    tabindex="-1"
    type="button"
  />

  Name "10":
  <button
    aria-label="10"
    aria-pressed="false"
    class="cal-day"
    tabindex="-1"
    type="button"
  />

  Name "11":
  <button
    aria-label="11"
    aria-pressed="false"
    class="cal-day"
    tabindex="-1"
    type="button"
  />

  Name "12":
  <button
    aria-label="12"
    aria-pressed="false"
    class="cal-day"
    tabindex="-1"
    type="button"
  />

  Name "13":
  <button
    aria-label="13"
    aria-pressed="false"
    class="cal-day"
    tabindex="-1"
    type="button"
  />

  Name "14":
  <button
    aria-label="14"
    aria-pressed="false"
    class="cal-day"
    tabindex="-1"
    type="button"
  />

  Name "15":
  <button
    aria-label="15"
    aria-pressed="false"
    class="cal-day"
    tabindex="-1"
    type="button"
  />

  Name "16":
  <button
    aria-label="16"
    aria-pressed="false"
    class="cal-day"
    tabindex="-1"
    type="button"
  />

  Name "17":
  <button
    aria-label="17"
    aria-pressed="false"
    class="cal-day"
    tabindex="-1"
    type="button"
  />

  Name "18":
  <button
    aria-label="18"
    aria-pressed="false"
    class="cal-day"
    tabindex="-1"
    type="button"
  />

  Name "19":
  <button
    aria-label="19"
    aria-pressed="false"
    class="cal-day"
    tabindex="-1"
    type="button"
  />

  Name "20":
  <button
    aria-label="20"
    aria-pressed="false"
    class="cal-day"
    tabindex="-1"
    type="button"
  />

  Name "21":
  <button
    aria-label="21"
    aria-pressed="false"
    class="cal-day"
    tabindex="-1"
    type="button"
  />

  Name "22":
  <button
    aria-label="22"
    aria-pressed="false"
    class="cal-day"
    tabindex="-1"
    type="button"
  />

  Name "23":
  <button
    aria-label="23"
    aria-pressed="false"
    class="cal-day"
    tabindex="-1"
    type="button"
  />

  Name "24":
  <button
    aria-label="24"
    aria-pressed="false"
    class="cal-day"
    tabindex="-1"
    type="button"
  />

  Name "25":
  <button
    aria-label="25"
    aria-pressed="false"
    class="cal-day"
    tabindex="-1"
    type="button"
  />

  Name "26":
  <button
    aria-label="26"
    aria-pressed="false"
    class="cal-day"
    tabindex="-1"
    type="button"
  />

  Name "27":
  <button
    aria-label="27"
    aria-pressed="false"
    class="cal-day"
    tabindex="-1"
    type="button"
  />

  Name "28":
  <button
    aria-label="28"
    aria-pressed="false"
    class="cal-day"
    tabindex="-1"
    type="button"
  />

  Name "29":
  <button
    aria-label="29"
    aria-pressed="false"
    class="cal-day"
    tabindex="-1"
    type="button"
  />

  Name "30":
  <button
    aria-label="30"
    aria-pressed="false"
    class="cal-day"
    tabindex="-1"
    type="button"
  />

  Name "31":
  <button
    aria-label="31"
    aria-pressed="false"
    class="cal-day"
    disabled=""
    tabindex="-1"
    type="button"
  />

  --------------------------------------------------
  strong:

  Name "":
  <strong
    aria-live="polite"
    id="_r_d_"
  />

  --------------------------------------------------
  grid:

  Name "janvier 2028":
  <table
    aria-labelledby="_r_d_"
    class="cal-grid"
    role="grid"
  />

  --------------------------------------------------
  rowgroup:

  Name "":
  <thead />

  Name "":
  <tbody />

  --------------------------------------------------
  row:

  Name "dimanche lundi mardi mercredi jeudi vendredi samedi":
  <tr />

  Name "1":
  <tr />

  Name "2 3 4 5 6 7 8":
  <tr />

  Name "9 10 11 12 13 14 15":
  <tr />

  Name "16 17 18 19 20 21 22":
  <tr />

  Name "23 24 25 26 27 28 29":
  <tr />

  Name "30 31":
  <tr />

  --------------------------------------------------
  columnheader:

  Name "dimanche":
  <th
    scope="col"
  />

  Name "lundi":
  <th
    scope="col"
  />

  Name "mardi":
  <th
    scope="col"
  />

  Name "mercredi":
  <th
    scope="col"
  />

  Name "jeudi":
  <th
    scope="col"
  />

  Name "vendredi":
  <th
    scope="col"
  />

  Name "samedi":
  <th
    scope="col"
  />

  --------------------------------------------------
  cell:

  Name "":
  <td
    class="cal-pad"
  />

  Name "":
  <td
    class="cal-pad"
  />

  Name "":
  <td
    class="cal-pad"
  />

  Name "":
  <td
    class="cal-pad"
  />

  Name "":
  <td
    class="cal-pad"
  />

  Name "":
  <td
    class="cal-pad"
  />

  Name "1":
  <td
    class="cal-cell is-weekend"
  />

  Name "2":
  <td
    class="cal-cell"
  />

  Name "3":
  <td
    class="cal-cell"
  />

  Name "4":
  <td
    class="cal-cell"
  />

  Name "5":
  <td
    class="cal-cell"
  />

  Name "6":
  <td
    class="cal-cell"
  />

  Name "7":
  <td
    class="cal-cell is-weekend"
  />

  Name "8":
  <td
    class="cal-cell is-weekend"
  />

  Name "9":
  <td
    class="cal-cell"
  />

  Name "10":
  <td
    class="cal-cell"
  />

  Name "11":
  <td
    class="cal-cell"
  />

  Name "12":
  <td
    class="cal-cell"
  />

  Name "13":
  <td
    class="cal-cell"
  />

  Name "14":
  <td
    class="cal-cell is-weekend"
  />

  Name "15":
  <td
    class="cal-cell is-weekend"
  />

  Name "16":
  <td
    class="cal-cell"
  />

  Name "17":
  <td
    class="cal-cell"
  />

  Name "18":
  <td
    class="cal-cell"
  />

  Name "19":
  <td
    class="cal-cell"
  />

  Name "20":
  <td
    class="cal-cell"
  />

  Name "21":
  <td
    class="cal-cell is-weekend"
  />

  Name "22":
  <td
    class="cal-cell is-weekend"
  />

  Name "23":
  <td
    class="cal-cell"
  />

  Name "24":
  <td
    class="cal-cell"
  />

  Name "25":
  <td
    class="cal-cell"
  />

  Name "26":
  <td
    class="cal-cell"
  />

  Name "27":
  <td
    class="cal-cell"
  />

  Name "28":
  <td
    class="cal-cell is-weekend"
  />

  Name "29":
  <td
    class="cal-cell is-weekend"
  />

  Name "30":
  <td
    class="cal-cell"
  />

  Name "31":
  <td
    class="cal-cell"
  />

  Name "":
  <td
    class="cal-pad"
  />

  Name "":
  <td
    class="cal-pad"
  />

  Name "":
  <td
    class="cal-pad"
  />

  Name "":
  <td
    class="cal-pad"
  />

  Name "":
  <td
    class="cal-pad"
  />

  --------------------------------------------------
  textbox:

  Name "Nombre d'invités":
  <input
    id="_r_c_"
    inputmode="numeric"
    required=""
    value=""
  />

  --------------------------------------------------
  link:

  Name "Se connecter pour demander":
  <a
    href="/auth/connexion"
  />

  --------------------------------------------------

Ignored nodes: comments, script, style
<body>
  <div>
    <section
      aria-labelledby="booking-request-heading"
      class="card"
    >
      <h2
        id="booking-request-heading"
      >
        Demander cette salle
      </h2>
      <p
        class="muted"
      >
        Choisissez une date, puis envoyez votre demande. La salle répond ; rien n'est débité maintenant.
      </p>
      <div
        class="booking-calendar"
      >
        <div
          class="cal-head"
        >
          <button
            aria-label="Mois précédent"
            class="btn btn-ghost btn-icon"
            type="button"
          >
            <svg
              aria-hidden="true"
              class="lucide lucide-chevron-left"
              data-mirror-rtl=""
              fill="none"
              focusable="false"
              height="16"
              stroke="currentColor"
              stroke-linecap="round"
              stroke-linejoin="round"
              stroke-width="1.75"
              viewBox="0 0 24 24"
              width="16"
              xmlns="http://www.w3.org/2000/svg"
            >
              <path
                d="m15 18-6-6 6-6"
              />
            </svg>
          </button>
          <strong
            aria-live="polite"
            id="_r_d_"
          >
            janvier 2028
          </strong>
          <button
            aria-label="Mois suivant"
            class="btn btn-ghost btn-icon"
            disabled=""
            type="button"
          >
            <svg
              aria-hidden="true"
              class="lucide lucide-chevron-right"
              data-mirror-rtl=""
              fill="none"
              focusable="false"
              height="16"
              stroke="currentColor"
              stroke-linecap="round"
              stroke-linejoin="round"
              stroke-width="1.75"
              viewBox="0 0 24 24"
              width="16"
              xmlns="http://www.w3.org/2000/svg"
            >
              <path
                d="m9 18 6-6-6-6"
              />
            </svg>
          </button>
        </div>
        <table
          aria-labelledby="_r_d_"
          class="cal-grid"
          role="grid"
        >
          <thead>
            <tr>
              <th
                scope="col"
              >
                <span
                  aria-hidden="true"
                >
                  dim.
                </span>
                <span
                  class="sr-only"
                >
                  dimanche
                </span>
              </th>
              <th
                scope="col"
              >
                <span
                  aria-hidden="true"
                >
                  lun.
                </span>
                <span
                  class="sr-only"
                >
                  lundi
                </span>
              </th>
              <th
                scope="col"
              >
                <span
                  aria-hidden="true"
                >
                  mar.
                </span>
                <span
                  class="sr-only"
                >
                  mardi
                </span>
              </th>
              <th
                scope="col"
              >
                <span
                  aria-hidden="true"
                >
                  mer.
                </span>
                <span
                  class="sr-only"
                >
                  mercredi
                </span>
              </th>
              <th
                scope="col"
              >
                <span
                  aria-hidden="true"
                >
                  jeu.
                </span>
                <span
                  class="sr-only"
                >
                  jeudi
                </span>
              </th>
              <th
                scope="col"
              >
                <span
                  aria-hidden="true"
                >
                  ven.
                </span>
                <span
                  class="sr-only"
                >
                  vendredi
                </span>
              </th>
              <th
                scope="col"
              >
                <span
                  aria-hidden="true"
                >
                  sam.
                </span>
                <span
                  class="sr-only"
                >
                  samedi
                </span>
         ...
   ✓ Demande de réservation — un calendrier, pas une liste (rang 29, D321) > C-f et C-h : une grille nommée par le mois, la semaine commence DIMANCHE (D56) 33ms
   × Demande de réservation — un calendrier, pas une liste (rang 29, D321) > C-e : UN arrêt de tabulation dans la grille, et la flèche droite avance d'un jour 36ms
     → expected [ '2' ] to deeply equal [ 'lundi 2 août 2027, disponible' ]
   × Demande de réservation — un calendrier, pas une liste (rang 29, D321) > C-e : EN ARABE, la flèche GAUCHE avance d'un jour — la grille se lit de droite à gauche 45ms
     → expected '2' to be 'الاثنين، 2 أغسطس 2027، متاح' // Object.is equality
   × Demande de réservation — un calendrier, pas une liste (rang 29, D321) > C-d : le jour REGARDÉ est celui qu'on envoie, au créneau cliqué — et un créneau pris de ce jour reste affiché, inactif 1022ms
     → Unable to find role="button" and name "vendredi 20 août 2027, disponible"

Ignored nodes: comments, script, style
<body>
  <div>
    <section
      aria-labelledby="booking-request-heading"
      class="card"
    >
      <h2
        id="booking-request-heading"
      >
        Demander cette salle
      </h2>
      <p
        class="muted"
      >
        Choisissez une date, puis envoyez votre demande. La salle répond ; rien n'est débité maintenant.
      </p>
      <div
        class="booking-calendar"
      >
        <div
          class="cal-head"
        >
          <button
            aria-label="Mois précédent"
            class="btn btn-ghost btn-icon"
            disabled=""
            type="button"
          >
            <svg
              aria-hidden="true"
              class="lucide lucide-chevron-left"
              data-mirror-rtl=""
              fill="none"
              focusable="false"
              height="16"
              stroke="currentColor"
              stroke-linecap="round"
              stroke-linejoin="round"
              stroke-width="1.75"
              viewBox="0 0 24 24"
              width="16"
              xmlns="http://www.w3.org/2000/svg"
            >
              <path
                d="m15 18-6-6 6-6"
              />
            </svg>
          </button>
          <strong
            aria-live="polite"
            id="_r_p_"
          >
            août 2027
          </strong>
          <button
            aria-label="Mois suivant"
            class="btn btn-ghost btn-icon"
            disabled=""
            type="button"
          >
            <svg
              aria-hidden="true"
              class="lucide lucide-chevron-right"
              data-mirror-rtl=""
              fill="none"
              focusable="false"
              height="16"
              stroke="currentColor"
              stroke-linecap="round"
              stroke-linejoin="round"
              stroke-width="1.75"
              viewBox="0 0 24 24"
              width="16"
              xmlns="http://www.w3.org/2000/svg"
            >
              <path
                d="m9 18 6-6-6-6"
              />
            </svg>
          </button>
        </div>
        <table
          aria-labelledby="_r_p_"
          class="cal-grid"
          role="grid"
        >
          <thead>
            <tr>
              <th
                scope="col"
              >
                <span
                  aria-hidden="true"
                >
                  dim.
                </span>
                <span
                  class="sr-only"
                >
                  dimanche
                </span>
              </th>
              <th
                scope="col"
              >
                <span
                  aria-hidden="true"
                >
                  lun.
                </span>
                <span
                  class="sr-only"
                >
                  lundi
                </span>
              </th>
              <th
                scope="col"
              >
                <span
                  aria-hidden="true"
                >
                  mar.
                </span>
                <span
                  class="sr-only"
                >
                  mardi
                </span>
              </th>
              <th
                scope="col"
              >
                <span
                  aria-hidden="true"
                >
                  mer.
                </span>
                <span
                  class="sr-only"
                >
                  mercredi
                </span>
              </th>
              <th
                scope="col"
              >
                <span
                  aria-hidden="true"
                >
                  jeu.
                </span>
                <span
                  class="sr-only"
                >
                  jeudi
                </span>
              </th>
              <th
                scope="col"
              >
                <span
                  aria-hidden="true"
                >
                  ven.
                </span>
                <span
                  class="sr-only"
                >
                  vendredi
                </span>
              </th>
              <th
                scope="col"
              >
                <span
                  aria-hidden="true"
                >
                  sam.
                </span>
                <span
                  class="sr-only"
                >
                  samedi
  ...

Ignored nodes: comments, script, style
<body>
  <div>
    <section
      aria-labelledby="booking-request-heading"
      class="card"
    >
      <h2
        id="booking-request-heading"
      >
        Demander cette salle
      </h2>
      <p
        class="muted"
      >
        Choisissez une date, puis envoyez votre demande. La salle répond ; rien n'est débité maintenant.
      </p>
      <div
        class="booking-calendar"
      >
        <div
          class="cal-head"
        >
          <button
            aria-label="Mois précédent"
            class="btn btn-ghost btn-icon"
            disabled=""
            type="button"
          >
            <svg
              aria-hidden="true"
              class="lucide lucide-chevron-left"
              data-mirror-rtl=""
              fill="none"
              focusable="false"
              height="16"
              stroke="currentColor"
              stroke-linecap="round"
              stroke-linejoin="round"
              stroke-width="1.75"
              viewBox="0 0 24 24"
              width="16"
              xmlns="http://www.w3.org/2000/svg"
            >
              <path
                d="m15 18-6-6 6-6"
              />
            </svg>
          </button>
          <strong
            aria-live="polite"
            id="_r_p_"
          >
            août 2027
          </strong>
          <button
            aria-label="Mois suivant"
            class="btn btn-ghost btn-icon"
            disabled=""
            type="button"
          >
            <svg
              aria-hidden="true"
              class="lucide lucide-chevron-right"
              data-mirror-rtl=""
              fill="none"
              focusable="false"
              height="16"
              stroke="currentColor"
              stroke-linecap="round"
              stroke-linejoin="round"
              stroke-width="1.75"
              viewBox="0 0 24 24"
              width="16"
              xmlns="http://www.w3.org/2000/svg"
            >
              <path
                d="m9 18 6-6-6-6"
              />
            </svg>
          </button>
        </div>
        <table
          aria-labelledby="_r_p_"
          class="cal-grid"
          role="grid"
        >
          <thead>
            <tr>
              <th
                scope="col"
              >
                <span
                  aria-hidden="true"
                >
                  dim.
                </span>
                <span
                  class="sr-only"
                >
                  dimanche
                </span>
              </th>
              <th
                scope="col"
              >
                <span
                  aria-hidden="true"
                >
                  lun.
                </span>
                <span
                  class="sr-only"
                >
                  lundi
                </span>
              </th>
              <th
                scope="col"
              >
                <span
                  aria-hidden="true"
                >
                  mar.
                </span>
                <span
                  class="sr-only"
                >
                  mardi
                </span>
              </th>
              <th
                scope="col"
              >
                <span
                  aria-hidden="true"
                >
                  mer.
                </span>
                <span
                  class="sr-only"
                >
                  mercredi
                </span>
              </th>
              <th
                scope="col"
              >
                <span
                  aria-hidden="true"
                >
                  jeu.
                </span>
                <span
                  class="sr-only"
                >
                  jeudi
                </span>
              </th>
              <th
                scope="col"
              >
                <span
                  aria-hidden="true"
                >
                  ven.
                </span>
                <span
                  class="sr-only"
                >
                  vendredi
                </span>
              </th>
              <th
                scope="col"
              >
                <span
                  aria-hidden="true"
                >
                  sam.
                </span>
                <span
                  class="sr-only"
                >
                  samedi
  ...
   × Demande de réservation — la fenêtre de six mois, découpée pour le contrat (rang 25, D316) > D147 : chaque requête passe le contrat, et les fenêtres couvrent les six mois sans trou 1041ms
     → Unable to find role="button" and name "dimanche 15 août 2027, disponible"

Ignored nodes: comments, script, style
<body>
  <div>
    <section
      aria-labelledby="booking-request-heading"
      class="card"
    >
      <h2
        id="booking-request-heading"
      >
        Demander cette salle
      </h2>
      <p
        class="muted"
      >
        Choisissez une date, puis envoyez votre demande. La salle répond ; rien n'est débité maintenant.
      </p>
      <div
        class="booking-calendar"
      >
        <div
          class="cal-head"
        >
          <button
            aria-label="Mois précédent"
            class="btn btn-ghost btn-icon"
            disabled=""
            type="button"
          >
            <svg
              aria-hidden="true"
              class="lucide lucide-chevron-left"
              data-mirror-rtl=""
              fill="none"
              focusable="false"
              height="16"
              stroke="currentColor"
              stroke-linecap="round"
              stroke-linejoin="round"
              stroke-width="1.75"
              viewBox="0 0 24 24"
              width="16"
              xmlns="http://www.w3.org/2000/svg"
            >
              <path
                d="m15 18-6-6 6-6"
              />
            </svg>
          </button>
          <strong
            aria-live="polite"
            id="_r_11_"
          >
            août 2027
          </strong>
          <button
            aria-label="Mois suivant"
            class="btn btn-ghost btn-icon"
            disabled=""
            type="button"
          >
            <svg
              aria-hidden="true"
              class="lucide lucide-chevron-right"
              data-mirror-rtl=""
              fill="none"
              focusable="false"
              height="16"
              stroke="currentColor"
              stroke-linecap="round"
              stroke-linejoin="round"
              stroke-width="1.75"
              viewBox="0 0 24 24"
              width="16"
              xmlns="http://www.w3.org/2000/svg"
            >
              <path
                d="m9 18 6-6-6-6"
              />
            </svg>
          </button>
        </div>
        <table
          aria-labelledby="_r_11_"
          class="cal-grid"
          role="grid"
        >
          <thead>
            <tr>
              <th
                scope="col"
              >
                <span
                  aria-hidden="true"
                >
                  dim.
                </span>
                <span
                  class="sr-only"
                >
                  dimanche
                </span>
              </th>
              <th
                scope="col"
              >
                <span
                  aria-hidden="true"
                >
                  lun.
                </span>
                <span
                  class="sr-only"
                >
                  lundi
                </span>
              </th>
              <th
                scope="col"
              >
                <span
                  aria-hidden="true"
                >
                  mar.
                </span>
                <span
                  class="sr-only"
                >
                  mardi
                </span>
              </th>
              <th
                scope="col"
              >
                <span
                  aria-hidden="true"
                >
                  mer.
                </span>
                <span
                  class="sr-only"
                >
                  mercredi
                </span>
              </th>
              <th
                scope="col"
              >
                <span
                  aria-hidden="true"
                >
                  jeu.
                </span>
                <span
                  class="sr-only"
                >
                  jeudi
                </span>
              </th>
              <th
                scope="col"
              >
                <span
                  aria-hidden="true"
                >
                  ven.
                </span>
                <span
                  class="sr-only"
                >
                  vendredi
                </span>
              </th>
              <th
                scope="col"
              >
                <span
                  aria-hidden="true"
                >
                  sam.
                </span>
                <span
                  class="sr-only"
                >
                  samedi
...

Ignored nodes: comments, script, style
<body>
  <div>
    <section
      aria-labelledby="booking-request-heading"
      class="card"
    >
      <h2
        id="booking-request-heading"
      >
        Demander cette salle
      </h2>
      <p
        class="muted"
      >
        Choisissez une date, puis envoyez votre demande. La salle répond ; rien n'est débité maintenant.
      </p>
      <div
        class="booking-calendar"
      >
        <div
          class="cal-head"
        >
          <button
            aria-label="Mois précédent"
            class="btn btn-ghost btn-icon"
            disabled=""
            type="button"
          >
            <svg
              aria-hidden="true"
              class="lucide lucide-chevron-left"
              data-mirror-rtl=""
              fill="none"
              focusable="false"
              height="16"
              stroke="currentColor"
              stroke-linecap="round"
              stroke-linejoin="round"
              stroke-width="1.75"
              viewBox="0 0 24 24"
              width="16"
              xmlns="http://www.w3.org/2000/svg"
            >
              <path
                d="m15 18-6-6 6-6"
              />
            </svg>
          </button>
          <strong
            aria-live="polite"
            id="_r_11_"
          >
            août 2027
          </strong>
          <button
            aria-label="Mois suivant"
            class="btn btn-ghost btn-icon"
            disabled=""
            type="button"
          >
            <svg
              aria-hidden="true"
              class="lucide lucide-chevron-right"
              data-mirror-rtl=""
              fill="none"
              focusable="false"
              height="16"
              stroke="currentColor"
              stroke-linecap="round"
              stroke-linejoin="round"
              stroke-width="1.75"
              viewBox="0 0 24 24"
              width="16"
              xmlns="http://www.w3.org/2000/svg"
            >
              <path
                d="m9 18 6-6-6-6"
              />
            </svg>
          </button>
        </div>
        <table
          aria-labelledby="_r_11_"
          class="cal-grid"
          role="grid"
        >
          <thead>
            <tr>
              <th
                scope="col"
              >
                <span
                  aria-hidden="true"
                >
                  dim.
                </span>
                <span
                  class="sr-only"
                >
                  dimanche
                </span>
              </th>
              <th
                scope="col"
              >
                <span
                  aria-hidden="true"
                >
                  lun.
                </span>
                <span
                  class="sr-only"
                >
                  lundi
                </span>
              </th>
              <th
                scope="col"
              >
                <span
                  aria-hidden="true"
                >
                  mar.
                </span>
                <span
                  class="sr-only"
                >
                  mardi
                </span>
              </th>
              <th
                scope="col"
              >
                <span
                  aria-hidden="true"
                >
                  mer.
                </span>
                <span
                  class="sr-only"
                >
                  mercredi
                </span>
              </th>
              <th
                scope="col"
              >
                <span
                  aria-hidden="true"
                >
                  jeu.
                </span>
                <span
                  class="sr-only"
                >
                  jeudi
                </span>
              </th>
              <th
                scope="col"
              >
                <span
                  aria-hidden="true"
                >
                  ven.
                </span>
                <span
                  class="sr-only"
                >
                  vendredi
                </span>
              </th>
              <th
                scope="col"
              >
                <span
                  aria-hidden="true"
                >
                  sam.
                </span>
                <span
                  class="sr-only"
                >
                  samedi
...
   ✓ Demande de réservation — la fenêtre de six mois, découpée pour le contrat (rang 25, D316) > une ERREUR d'API n'est JAMAIS « aucune date » — et une fenêtre en échec suffit (tout ou rien) 22ms
   × Demande de réservation — l'acompte annoncé AVANT l'envoi (D81) > 30 % de 200 000 DA = 60 000 DA 1031ms
     → Unable to find role="button" and name "dimanche 15 août 2027, disponible"

Ignored nodes: comments, script, style
<body>
  <div>
    <section
      aria-labelledby="booking-request-heading"
      class="card"
    >
      <h2
        id="booking-request-heading"
      >
        Demander cette salle
      </h2>
      <p
        class="muted"
      >
        Choisissez une date, puis envoyez votre demande. La salle répond ; rien n'est débité maintenant.
      </p>
      <div
        class="booking-calendar"
      >
        <div
          class="cal-head"
        >
          <button
            aria-label="Mois précédent"
            class="btn btn-ghost btn-icon"
            disabled=""
            type="button"
          >
            <svg
              aria-hidden="true"
              class="lucide lucide-chevron-left"
              data-mirror-rtl=""
              fill="none"
              focusable="false"
              height="16"
              stroke="currentColor"
              stroke-linecap="round"
              stroke-linejoin="round"
              stroke-width="1.75"
              viewBox="0 0 24 24"
              width="16"
              xmlns="http://www.w3.org/2000/svg"
            >
              <path
                d="m15 18-6-6 6-6"
              />
            </svg>
          </button>
          <strong
            aria-live="polite"
            id="_r_16_"
          >
            août 2027
          </strong>
          <button
            aria-label="Mois suivant"
            class="btn btn-ghost btn-icon"
            disabled=""
            type="button"
          >
            <svg
              aria-hidden="true"
              class="lucide lucide-chevron-right"
              data-mirror-rtl=""
              fill="none"
              focusable="false"
              height="16"
              stroke="currentColor"
              stroke-linecap="round"
              stroke-linejoin="round"
              stroke-width="1.75"
              viewBox="0 0 24 24"
              width="16"
              xmlns="http://www.w3.org/2000/svg"
            >
              <path
                d="m9 18 6-6-6-6"
              />
            </svg>
          </button>
        </div>
        <table
          aria-labelledby="_r_16_"
          class="cal-grid"
          role="grid"
        >
          <thead>
            <tr>
              <th
                scope="col"
              >
                <span
                  aria-hidden="true"
                >
                  dim.
                </span>
                <span
                  class="sr-only"
                >
                  dimanche
                </span>
              </th>
              <th
                scope="col"
              >
                <span
                  aria-hidden="true"
                >
                  lun.
                </span>
                <span
                  class="sr-only"
                >
                  lundi
                </span>
              </th>
              <th
                scope="col"
              >
                <span
                  aria-hidden="true"
                >
                  mar.
                </span>
                <span
                  class="sr-only"
                >
                  mardi
                </span>
              </th>
              <th
                scope="col"
              >
                <span
                  aria-hidden="true"
                >
                  mer.
                </span>
                <span
                  class="sr-only"
                >
                  mercredi
                </span>
              </th>
              <th
                scope="col"
              >
                <span
                  aria-hidden="true"
                >
                  jeu.
                </span>
                <span
                  class="sr-only"
                >
                  jeudi
                </span>
              </th>
              <th
                scope="col"
              >
                <span
                  aria-hidden="true"
                >
                  ven.
                </span>
                <span
                  class="sr-only"
                >
                  vendredi
                </span>
              </th>
              <th
                scope="col"
              >
                <span
                  aria-hidden="true"
                >
                  sam.
                </span>
                <span
                  class="sr-only"
                >
                  samedi
...

Ignored nodes: comments, script, style
<body>
  <div>
    <section
      aria-labelledby="booking-request-heading"
      class="card"
    >
      <h2
        id="booking-request-heading"
      >
        Demander cette salle
      </h2>
      <p
        class="muted"
      >
        Choisissez une date, puis envoyez votre demande. La salle répond ; rien n'est débité maintenant.
      </p>
      <div
        class="booking-calendar"
      >
        <div
          class="cal-head"
        >
          <button
            aria-label="Mois précédent"
            class="btn btn-ghost btn-icon"
            disabled=""
            type="button"
          >
            <svg
              aria-hidden="true"
              class="lucide lucide-chevron-left"
              data-mirror-rtl=""
              fill="none"
              focusable="false"
              height="16"
              stroke="currentColor"
              stroke-linecap="round"
              stroke-linejoin="round"
              stroke-width="1.75"
              viewBox="0 0 24 24"
              width="16"
              xmlns="http://www.w3.org/2000/svg"
            >
              <path
                d="m15 18-6-6 6-6"
              />
            </svg>
          </button>
          <strong
            aria-live="polite"
            id="_r_16_"
          >
            août 2027
          </strong>
          <button
            aria-label="Mois suivant"
            class="btn btn-ghost btn-icon"
            disabled=""
            type="button"
          >
            <svg
              aria-hidden="true"
              class="lucide lucide-chevron-right"
              data-mirror-rtl=""
              fill="none"
              focusable="false"
              height="16"
              stroke="currentColor"
              stroke-linecap="round"
              stroke-linejoin="round"
              stroke-width="1.75"
              viewBox="0 0 24 24"
              width="16"
              xmlns="http://www.w3.org/2000/svg"
            >
              <path
                d="m9 18 6-6-6-6"
              />
            </svg>
          </button>
        </div>
        <table
          aria-labelledby="_r_16_"
          class="cal-grid"
          role="grid"
        >
          <thead>
            <tr>
              <th
                scope="col"
              >
                <span
                  aria-hidden="true"
                >
                  dim.
                </span>
                <span
                  class="sr-only"
                >
                  dimanche
                </span>
              </th>
              <th
                scope="col"
              >
                <span
                  aria-hidden="true"
                >
                  lun.
                </span>
                <span
                  class="sr-only"
                >
                  lundi
                </span>
              </th>
              <th
                scope="col"
              >
                <span
                  aria-hidden="true"
                >
                  mar.
                </span>
                <span
                  class="sr-only"
                >
                  mardi
                </span>
              </th>
              <th
                scope="col"
              >
                <span
                  aria-hidden="true"
                >
                  mer.
                </span>
                <span
                  class="sr-only"
                >
                  mercredi
                </span>
              </th>
              <th
                scope="col"
              >
                <span
                  aria-hidden="true"
                >
                  jeu.
                </span>
                <span
                  class="sr-only"
                >
                  jeudi
                </span>
              </th>
              <th
                scope="col"
              >
                <span
                  aria-hidden="true"
                >
                  ven.
                </span>
                <span
                  class="sr-only"
                >
                  vendredi
                </span>
              </th>
              <th
                scope="col"
              >
                <span
                  aria-hidden="true"
                >
                  sam.
                </span>
                <span
                  class="sr-only"
                >
                  samedi
...
   × Demande de réservation — l'acompte annoncé AVANT l'envoi (D81) > un acompte FIXE supérieur au prix est ÉCRÊTÉ au prix — miroir du serveur 1026ms
     → Unable to find role="button" and name "dimanche 15 août 2027, disponible"

Ignored nodes: comments, script, style
<body>
  <div>
    <section
      aria-labelledby="booking-request-heading"
      class="card"
    >
      <h2
        id="booking-request-heading"
      >
        Demander cette salle
      </h2>
      <p
        class="muted"
      >
        Choisissez une date, puis envoyez votre demande. La salle répond ; rien n'est débité maintenant.
      </p>
      <div
        class="booking-calendar"
      >
        <div
          class="cal-head"
        >
          <button
            aria-label="Mois précédent"
            class="btn btn-ghost btn-icon"
            disabled=""
            type="button"
          >
            <svg
              aria-hidden="true"
              class="lucide lucide-chevron-left"
              data-mirror-rtl=""
              fill="none"
              focusable="false"
              height="16"
              stroke="currentColor"
              stroke-linecap="round"
              stroke-linejoin="round"
              stroke-width="1.75"
              viewBox="0 0 24 24"
              width="16"
              xmlns="http://www.w3.org/2000/svg"
            >
              <path
                d="m15 18-6-6 6-6"
              />
            </svg>
          </button>
          <strong
            aria-live="polite"
            id="_r_19_"
          >
            août 2027
          </strong>
          <button
            aria-label="Mois suivant"
            class="btn btn-ghost btn-icon"
            disabled=""
            type="button"
          >
            <svg
              aria-hidden="true"
              class="lucide lucide-chevron-right"
              data-mirror-rtl=""
              fill="none"
              focusable="false"
              height="16"
              stroke="currentColor"
              stroke-linecap="round"
              stroke-linejoin="round"
              stroke-width="1.75"
              viewBox="0 0 24 24"
              width="16"
              xmlns="http://www.w3.org/2000/svg"
            >
              <path
                d="m9 18 6-6-6-6"
              />
            </svg>
          </button>
        </div>
        <table
          aria-labelledby="_r_19_"
          class="cal-grid"
          role="grid"
        >
          <thead>
            <tr>
              <th
                scope="col"
              >
                <span
                  aria-hidden="true"
                >
                  dim.
                </span>
                <span
                  class="sr-only"
                >
                  dimanche
                </span>
              </th>
              <th
                scope="col"
              >
                <span
                  aria-hidden="true"
                >
                  lun.
                </span>
                <span
                  class="sr-only"
                >
                  lundi
                </span>
              </th>
              <th
                scope="col"
              >
                <span
                  aria-hidden="true"
                >
                  mar.
                </span>
                <span
                  class="sr-only"
                >
                  mardi
                </span>
              </th>
              <th
                scope="col"
              >
                <span
                  aria-hidden="true"
                >
                  mer.
                </span>
                <span
                  class="sr-only"
                >
                  mercredi
                </span>
              </th>
              <th
                scope="col"
              >
                <span
                  aria-hidden="true"
                >
                  jeu.
                </span>
                <span
                  class="sr-only"
                >
                  jeudi
                </span>
              </th>
              <th
                scope="col"
              >
                <span
                  aria-hidden="true"
                >
                  ven.
                </span>
                <span
                  class="sr-only"
                >
                  vendredi
                </span>
              </th>
              <th
                scope="col"
              >
                <span
                  aria-hidden="true"
                >
                  sam.
                </span>
                <span
                  class="sr-only"
                >
                  samedi
...

Ignored nodes: comments, script, style
<body>
  <div>
    <section
      aria-labelledby="booking-request-heading"
      class="card"
    >
      <h2
        id="booking-request-heading"
      >
        Demander cette salle
      </h2>
      <p
        class="muted"
      >
        Choisissez une date, puis envoyez votre demande. La salle répond ; rien n'est débité maintenant.
      </p>
      <div
        class="booking-calendar"
      >
        <div
          class="cal-head"
        >
          <button
            aria-label="Mois précédent"
            class="btn btn-ghost btn-icon"
            disabled=""
            type="button"
          >
            <svg
              aria-hidden="true"
              class="lucide lucide-chevron-left"
              data-mirror-rtl=""
              fill="none"
              focusable="false"
              height="16"
              stroke="currentColor"
              stroke-linecap="round"
              stroke-linejoin="round"
              stroke-width="1.75"
              viewBox="0 0 24 24"
              width="16"
              xmlns="http://www.w3.org/2000/svg"
            >
              <path
                d="m15 18-6-6 6-6"
              />
            </svg>
          </button>
          <strong
            aria-live="polite"
            id="_r_19_"
          >
            août 2027
          </strong>
          <button
            aria-label="Mois suivant"
            class="btn btn-ghost btn-icon"
            disabled=""
            type="button"
          >
            <svg
              aria-hidden="true"
              class="lucide lucide-chevron-right"
              data-mirror-rtl=""
              fill="none"
              focusable="false"
              height="16"
              stroke="currentColor"
              stroke-linecap="round"
              stroke-linejoin="round"
              stroke-width="1.75"
              viewBox="0 0 24 24"
              width="16"
              xmlns="http://www.w3.org/2000/svg"
            >
              <path
                d="m9 18 6-6-6-6"
              />
            </svg>
          </button>
        </div>
        <table
          aria-labelledby="_r_19_"
          class="cal-grid"
          role="grid"
        >
          <thead>
            <tr>
              <th
                scope="col"
              >
                <span
                  aria-hidden="true"
                >
                  dim.
                </span>
                <span
                  class="sr-only"
                >
                  dimanche
                </span>
              </th>
              <th
                scope="col"
              >
                <span
                  aria-hidden="true"
                >
                  lun.
                </span>
                <span
                  class="sr-only"
                >
                  lundi
                </span>
              </th>
              <th
                scope="col"
              >
                <span
                  aria-hidden="true"
                >
                  mar.
                </span>
                <span
                  class="sr-only"
                >
                  mardi
                </span>
              </th>
              <th
                scope="col"
              >
                <span
                  aria-hidden="true"
                >
                  mer.
                </span>
                <span
                  class="sr-only"
                >
                  mercredi
                </span>
              </th>
              <th
                scope="col"
              >
                <span
                  aria-hidden="true"
                >
                  jeu.
                </span>
                <span
                  class="sr-only"
                >
                  jeudi
                </span>
              </th>
              <th
                scope="col"
              >
                <span
                  aria-hidden="true"
                >
                  ven.
                </span>
                <span
                  class="sr-only"
                >
                  vendredi
                </span>
              </th>
              <th
                scope="col"
              >
                <span
                  aria-hidden="true"
                >
                  sam.
                </span>
                <span
                  class="sr-only"
                >
                  samedi
...
   × Demande de réservation — sans compte > les dates et les PRIX s'affichent sans session ; seul l'envoi demande de se connecter 1022ms
     → Unable to find role="button" and name "dimanche 15 août 2027, disponible"

Ignored nodes: comments, script, style
<body>
  <div>
    <section
      aria-labelledby="booking-request-heading"
      class="card"
    >
      <h2
        id="booking-request-heading"
      >
        Demander cette salle
      </h2>
      <p
        class="muted"
      >
        Choisissez une date, puis envoyez votre demande. La salle répond ; rien n'est débité maintenant.
      </p>
      <div
        class="booking-calendar"
      >
        <div
          class="cal-head"
        >
          <button
            aria-label="Mois précédent"
            class="btn btn-ghost btn-icon"
            disabled=""
            type="button"
          >
            <svg
              aria-hidden="true"
              class="lucide lucide-chevron-left"
              data-mirror-rtl=""
              fill="none"
              focusable="false"
              height="16"
              stroke="currentColor"
              stroke-linecap="round"
              stroke-linejoin="round"
              stroke-width="1.75"
              viewBox="0 0 24 24"
              width="16"
              xmlns="http://www.w3.org/2000/svg"
            >
              <path
                d="m15 18-6-6 6-6"
              />
            </svg>
          </button>
          <strong
            aria-live="polite"
            id="_r_1c_"
          >
            août 2027
          </strong>
          <button
            aria-label="Mois suivant"
            class="btn btn-ghost btn-icon"
            disabled=""
            type="button"
          >
            <svg
              aria-hidden="true"
              class="lucide lucide-chevron-right"
              data-mirror-rtl=""
              fill="none"
              focusable="false"
              height="16"
              stroke="currentColor"
              stroke-linecap="round"
              stroke-linejoin="round"
              stroke-width="1.75"
              viewBox="0 0 24 24"
              width="16"
              xmlns="http://www.w3.org/2000/svg"
            >
              <path
                d="m9 18 6-6-6-6"
              />
            </svg>
          </button>
        </div>
        <table
          aria-labelledby="_r_1c_"
          class="cal-grid"
          role="grid"
        >
          <thead>
            <tr>
              <th
                scope="col"
              >
                <span
                  aria-hidden="true"
                >
                  dim.
                </span>
                <span
                  class="sr-only"
                >
                  dimanche
                </span>
              </th>
              <th
                scope="col"
              >
                <span
                  aria-hidden="true"
                >
                  lun.
                </span>
                <span
                  class="sr-only"
                >
                  lundi
                </span>
              </th>
              <th
                scope="col"
              >
                <span
                  aria-hidden="true"
                >
                  mar.
                </span>
                <span
                  class="sr-only"
                >
                  mardi
                </span>
              </th>
              <th
                scope="col"
              >
                <span
                  aria-hidden="true"
                >
                  mer.
                </span>
                <span
                  class="sr-only"
                >
                  mercredi
                </span>
              </th>
              <th
                scope="col"
              >
                <span
                  aria-hidden="true"
                >
                  jeu.
                </span>
                <span
                  class="sr-only"
                >
                  jeudi
                </span>
              </th>
              <th
                scope="col"
              >
                <span
                  aria-hidden="true"
                >
                  ven.
                </span>
                <span
                  class="sr-only"
                >
                  vendredi
                </span>
              </th>
              <th
                scope="col"
              >
                <span
                  aria-hidden="true"
                >
                  sam.
                </span>
                <span
                  class="sr-only"
                >
                  samedi
...

Ignored nodes: comments, script, style
<body>
  <div>
    <section
      aria-labelledby="booking-request-heading"
      class="card"
    >
      <h2
        id="booking-request-heading"
      >
        Demander cette salle
      </h2>
      <p
        class="muted"
      >
        Choisissez une date, puis envoyez votre demande. La salle répond ; rien n'est débité maintenant.
      </p>
      <div
        class="booking-calendar"
      >
        <div
          class="cal-head"
        >
          <button
            aria-label="Mois précédent"
            class="btn btn-ghost btn-icon"
            disabled=""
            type="button"
          >
            <svg
              aria-hidden="true"
              class="lucide lucide-chevron-left"
              data-mirror-rtl=""
              fill="none"
              focusable="false"
              height="16"
              stroke="currentColor"
              stroke-linecap="round"
              stroke-linejoin="round"
              stroke-width="1.75"
              viewBox="0 0 24 24"
              width="16"
              xmlns="http://www.w3.org/2000/svg"
            >
              <path
                d="m15 18-6-6 6-6"
              />
            </svg>
          </button>
          <strong
            aria-live="polite"
            id="_r_1c_"
          >
            août 2027
          </strong>
          <button
            aria-label="Mois suivant"
            class="btn btn-ghost btn-icon"
            disabled=""
            type="button"
          >
            <svg
              aria-hidden="true"
              class="lucide lucide-chevron-right"
              data-mirror-rtl=""
              fill="none"
              focusable="false"
              height="16"
              stroke="currentColor"
              stroke-linecap="round"
              stroke-linejoin="round"
              stroke-width="1.75"
              viewBox="0 0 24 24"
              width="16"
              xmlns="http://www.w3.org/2000/svg"
            >
              <path
                d="m9 18 6-6-6-6"
              />
            </svg>
          </button>
        </div>
        <table
          aria-labelledby="_r_1c_"
          class="cal-grid"
          role="grid"
        >
          <thead>
            <tr>
              <th
                scope="col"
              >
                <span
                  aria-hidden="true"
                >
                  dim.
                </span>
                <span
                  class="sr-only"
                >
                  dimanche
                </span>
              </th>
              <th
                scope="col"
              >
                <span
                  aria-hidden="true"
                >
                  lun.
                </span>
                <span
                  class="sr-only"
                >
                  lundi
                </span>
              </th>
              <th
                scope="col"
              >
                <span
                  aria-hidden="true"
                >
                  mar.
                </span>
                <span
                  class="sr-only"
                >
                  mardi
                </span>
              </th>
              <th
                scope="col"
              >
                <span
                  aria-hidden="true"
                >
                  mer.
                </span>
                <span
                  class="sr-only"
                >
                  mercredi
                </span>
              </th>
              <th
                scope="col"
              >
                <span
                  aria-hidden="true"
                >
                  jeu.
                </span>
                <span
                  class="sr-only"
                >
                  jeudi
                </span>
              </th>
              <th
                scope="col"
              >
                <span
                  aria-hidden="true"
                >
                  ven.
                </span>
                <span
                  class="sr-only"
                >
                  vendredi
                </span>
              </th>
              <th
                scope="col"
              >
                <span
                  aria-hidden="true"
                >
                  sam.
                </span>
                <span
                  class="sr-only"
                >
                  samedi
...
   × Demande de réservation — D135 : l'e-mail est facultatif, le téléphone non > ⚠ sans e-mail, la demande PART et la clé est ABSENTE du corps 1032ms
     → Unable to find role="button" and name "dimanche 15 août 2027, disponible"

Ignored nodes: comments, script, style
<body>
  <div>
    <section
      aria-labelledby="booking-request-heading"
      class="card"
    >
      <h2
        id="booking-request-heading"
      >
        Demander cette salle
      </h2>
      <p
        class="muted"
      >
        Choisissez une date, puis envoyez votre demande. La salle répond ; rien n'est débité maintenant.
      </p>
      <div
        class="booking-calendar"
      >
        <div
          class="cal-head"
        >
          <button
            aria-label="Mois précédent"
            class="btn btn-ghost btn-icon"
            disabled=""
            type="button"
          >
            <svg
              aria-hidden="true"
              class="lucide lucide-chevron-left"
              data-mirror-rtl=""
              fill="none"
              focusable="false"
              height="16"
              stroke="currentColor"
              stroke-linecap="round"
              stroke-linejoin="round"
              stroke-width="1.75"
              viewBox="0 0 24 24"
              width="16"
              xmlns="http://www.w3.org/2000/svg"
            >
              <path
                d="m15 18-6-6 6-6"
              />
            </svg>
          </button>
          <strong
            aria-live="polite"
            id="_r_1f_"
          >
            août 2027
          </strong>
          <button
            aria-label="Mois suivant"
            class="btn btn-ghost btn-icon"
            disabled=""
            type="button"
          >
            <svg
              aria-hidden="true"
              class="lucide lucide-chevron-right"
              data-mirror-rtl=""
              fill="none"
              focusable="false"
              height="16"
              stroke="currentColor"
              stroke-linecap="round"
              stroke-linejoin="round"
              stroke-width="1.75"
              viewBox="0 0 24 24"
              width="16"
              xmlns="http://www.w3.org/2000/svg"
            >
              <path
                d="m9 18 6-6-6-6"
              />
            </svg>
          </button>
        </div>
        <table
          aria-labelledby="_r_1f_"
          class="cal-grid"
          role="grid"
        >
          <thead>
            <tr>
              <th
                scope="col"
              >
                <span
                  aria-hidden="true"
                >
                  dim.
                </span>
                <span
                  class="sr-only"
                >
                  dimanche
                </span>
              </th>
              <th
                scope="col"
              >
                <span
                  aria-hidden="true"
                >
                  lun.
                </span>
                <span
                  class="sr-only"
                >
                  lundi
                </span>
              </th>
              <th
                scope="col"
              >
                <span
                  aria-hidden="true"
                >
                  mar.
                </span>
                <span
                  class="sr-only"
                >
                  mardi
                </span>
              </th>
              <th
                scope="col"
              >
                <span
                  aria-hidden="true"
                >
                  mer.
                </span>
                <span
                  class="sr-only"
                >
                  mercredi
                </span>
              </th>
              <th
                scope="col"
              >
                <span
                  aria-hidden="true"
                >
                  jeu.
                </span>
                <span
                  class="sr-only"
                >
                  jeudi
                </span>
              </th>
              <th
                scope="col"
              >
                <span
                  aria-hidden="true"
                >
                  ven.
                </span>
                <span
                  class="sr-only"
                >
                  vendredi
                </span>
              </th>
              <th
                scope="col"
              >
                <span
                  aria-hidden="true"
                >
                  sam.
                </span>
                <span
                  class="sr-only"
                >
                  samedi
...

Ignored nodes: comments, script, style
<body>
  <div>
    <section
      aria-labelledby="booking-request-heading"
      class="card"
    >
      <h2
        id="booking-request-heading"
      >
        Demander cette salle
      </h2>
      <p
        class="muted"
      >
        Choisissez une date, puis envoyez votre demande. La salle répond ; rien n'est débité maintenant.
      </p>
      <div
        class="booking-calendar"
      >
        <div
          class="cal-head"
        >
          <button
            aria-label="Mois précédent"
            class="btn btn-ghost btn-icon"
            disabled=""
            type="button"
          >
            <svg
              aria-hidden="true"
              class="lucide lucide-chevron-left"
              data-mirror-rtl=""
              fill="none"
              focusable="false"
              height="16"
              stroke="currentColor"
              stroke-linecap="round"
              stroke-linejoin="round"
              stroke-width="1.75"
              viewBox="0 0 24 24"
              width="16"
              xmlns="http://www.w3.org/2000/svg"
            >
              <path
                d="m15 18-6-6 6-6"
              />
            </svg>
          </button>
          <strong
            aria-live="polite"
            id="_r_1f_"
          >
            août 2027
          </strong>
          <button
            aria-label="Mois suivant"
            class="btn btn-ghost btn-icon"
            disabled=""
            type="button"
          >
            <svg
              aria-hidden="true"
              class="lucide lucide-chevron-right"
              data-mirror-rtl=""
              fill="none"
              focusable="false"
              height="16"
              stroke="currentColor"
              stroke-linecap="round"
              stroke-linejoin="round"
              stroke-width="1.75"
              viewBox="0 0 24 24"
              width="16"
              xmlns="http://www.w3.org/2000/svg"
            >
              <path
                d="m9 18 6-6-6-6"
              />
            </svg>
          </button>
        </div>
        <table
          aria-labelledby="_r_1f_"
          class="cal-grid"
          role="grid"
        >
          <thead>
            <tr>
              <th
                scope="col"
              >
                <span
                  aria-hidden="true"
                >
                  dim.
                </span>
                <span
                  class="sr-only"
                >
                  dimanche
                </span>
              </th>
              <th
                scope="col"
              >
                <span
                  aria-hidden="true"
                >
                  lun.
                </span>
                <span
                  class="sr-only"
                >
                  lundi
                </span>
              </th>
              <th
                scope="col"
              >
                <span
                  aria-hidden="true"
                >
                  mar.
                </span>
                <span
                  class="sr-only"
                >
                  mardi
                </span>
              </th>
              <th
                scope="col"
              >
                <span
                  aria-hidden="true"
                >
                  mer.
                </span>
                <span
                  class="sr-only"
                >
                  mercredi
                </span>
              </th>
              <th
                scope="col"
              >
                <span
                  aria-hidden="true"
                >
                  jeu.
                </span>
                <span
                  class="sr-only"
                >
                  jeudi
                </span>
              </th>
              <th
                scope="col"
              >
                <span
                  aria-hidden="true"
                >
                  ven.
                </span>
                <span
                  class="sr-only"
                >
                  vendredi
                </span>
              </th>
              <th
                scope="col"
              >
                <span
                  aria-hidden="true"
                >
                  sam.
                </span>
                <span
                  class="sr-only"
                >
                  samedi
...
   × Demande de réservation — D135 : l'e-mail est facultatif, le téléphone non > avec un e-mail, il est transmis tel quel 1016ms
     → Unable to find role="button" and name "dimanche 15 août 2027, disponible"

Ignored nodes: comments, script, style
<body>
  <div>
    <section
      aria-labelledby="booking-request-heading"
      class="card"
    >
      <h2
        id="booking-request-heading"
      >
        Demander cette salle
      </h2>
      <p
        class="muted"
      >
        Choisissez une date, puis envoyez votre demande. La salle répond ; rien n'est débité maintenant.
      </p>
      <div
        class="booking-calendar"
      >
        <div
          class="cal-head"
        >
          <button
            aria-label="Mois précédent"
            class="btn btn-ghost btn-icon"
            disabled=""
            type="button"
          >
            <svg
              aria-hidden="true"
              class="lucide lucide-chevron-left"
              data-mirror-rtl=""
              fill="none"
              focusable="false"
              height="16"
              stroke="currentColor"
              stroke-linecap="round"
              stroke-linejoin="round"
              stroke-width="1.75"
              viewBox="0 0 24 24"
              width="16"
              xmlns="http://www.w3.org/2000/svg"
            >
              <path
                d="m15 18-6-6 6-6"
              />
            </svg>
          </button>
          <strong
            aria-live="polite"
            id="_r_1n_"
          >
            août 2027
          </strong>
          <button
            aria-label="Mois suivant"
            class="btn btn-ghost btn-icon"
            disabled=""
            type="button"
          >
            <svg
              aria-hidden="true"
              class="lucide lucide-chevron-right"
              data-mirror-rtl=""
              fill="none"
              focusable="false"
              height="16"
              stroke="currentColor"
              stroke-linecap="round"
              stroke-linejoin="round"
              stroke-width="1.75"
              viewBox="0 0 24 24"
              width="16"
              xmlns="http://www.w3.org/2000/svg"
            >
              <path
                d="m9 18 6-6-6-6"
              />
            </svg>
          </button>
        </div>
        <table
          aria-labelledby="_r_1n_"
          class="cal-grid"
          role="grid"
        >
          <thead>
            <tr>
              <th
                scope="col"
              >
                <span
                  aria-hidden="true"
                >
                  dim.
                </span>
                <span
                  class="sr-only"
                >
                  dimanche
                </span>
              </th>
              <th
                scope="col"
              >
                <span
                  aria-hidden="true"
                >
                  lun.
                </span>
                <span
                  class="sr-only"
                >
                  lundi
                </span>
              </th>
              <th
                scope="col"
              >
                <span
                  aria-hidden="true"
                >
                  mar.
                </span>
                <span
                  class="sr-only"
                >
                  mardi
                </span>
              </th>
              <th
                scope="col"
              >
                <span
                  aria-hidden="true"
                >
                  mer.
                </span>
                <span
                  class="sr-only"
                >
                  mercredi
                </span>
              </th>
              <th
                scope="col"
              >
                <span
                  aria-hidden="true"
                >
                  jeu.
                </span>
                <span
                  class="sr-only"
                >
                  jeudi
                </span>
              </th>
              <th
                scope="col"
              >
                <span
                  aria-hidden="true"
                >
                  ven.
                </span>
                <span
                  class="sr-only"
                >
                  vendredi
                </span>
              </th>
              <th
                scope="col"
              >
                <span
                  aria-hidden="true"
                >
                  sam.
                </span>
                <span
                  class="sr-only"
                >
                  samedi
...

Ignored nodes: comments, script, style
<body>
  <div>
    <section
      aria-labelledby="booking-request-heading"
      class="card"
    >
      <h2
        id="booking-request-heading"
      >
        Demander cette salle
      </h2>
      <p
        class="muted"
      >
        Choisissez une date, puis envoyez votre demande. La salle répond ; rien n'est débité maintenant.
      </p>
      <div
        class="booking-calendar"
      >
        <div
          class="cal-head"
        >
          <button
            aria-label="Mois précédent"
            class="btn btn-ghost btn-icon"
            disabled=""
            type="button"
          >
            <svg
              aria-hidden="true"
              class="lucide lucide-chevron-left"
              data-mirror-rtl=""
              fill="none"
              focusable="false"
              height="16"
              stroke="currentColor"
              stroke-linecap="round"
              stroke-linejoin="round"
              stroke-width="1.75"
              viewBox="0 0 24 24"
              width="16"
              xmlns="http://www.w3.org/2000/svg"
            >
              <path
                d="m15 18-6-6 6-6"
              />
            </svg>
          </button>
          <strong
            aria-live="polite"
            id="_r_1n_"
          >
            août 2027
          </strong>
          <button
            aria-label="Mois suivant"
            class="btn btn-ghost btn-icon"
            disabled=""
            type="button"
          >
            <svg
              aria-hidden="true"
              class="lucide lucide-chevron-right"
              data-mirror-rtl=""
              fill="none"
              focusable="false"
              height="16"
              stroke="currentColor"
              stroke-linecap="round"
              stroke-linejoin="round"
              stroke-width="1.75"
              viewBox="0 0 24 24"
              width="16"
              xmlns="http://www.w3.org/2000/svg"
            >
              <path
                d="m9 18 6-6-6-6"
              />
            </svg>
          </button>
        </div>
        <table
          aria-labelledby="_r_1n_"
          class="cal-grid"
          role="grid"
        >
          <thead>
            <tr>
              <th
                scope="col"
              >
                <span
                  aria-hidden="true"
                >
                  dim.
                </span>
                <span
                  class="sr-only"
                >
                  dimanche
                </span>
              </th>
              <th
                scope="col"
              >
                <span
                  aria-hidden="true"
                >
                  lun.
                </span>
                <span
                  class="sr-only"
                >
                  lundi
                </span>
              </th>
              <th
                scope="col"
              >
                <span
                  aria-hidden="true"
                >
                  mar.
                </span>
                <span
                  class="sr-only"
                >
                  mardi
                </span>
              </th>
              <th
                scope="col"
              >
                <span
                  aria-hidden="true"
                >
                  mer.
                </span>
                <span
                  class="sr-only"
                >
                  mercredi
                </span>
              </th>
              <th
                scope="col"
              >
                <span
                  aria-hidden="true"
                >
                  jeu.
                </span>
                <span
                  class="sr-only"
                >
                  jeudi
                </span>
              </th>
              <th
                scope="col"
              >
                <span
                  aria-hidden="true"
                >
                  ven.
                </span>
                <span
                  class="sr-only"
                >
                  vendredi
                </span>
              </th>
              <th
                scope="col"
              >
                <span
                  aria-hidden="true"
                >
                  sam.
                </span>
                <span
                  class="sr-only"
                >
                  samedi
...
   ✓ Demande de réservation — un <label> VISIBLE par champ (rang 29, D321, D143) > L-a : chaque champ du panneau a un <label> visible associé, et L-b : les obligatoires portent `required` (D32) 154ms
   × Prestations — E2d > une salle SANS catalogue n'affiche aucun bloc vide 1031ms
     → Unable to find role="button" and name "dimanche 15 août 2027, disponible"

Ignored nodes: comments, script, style
<body>
  <div>
    <section
      aria-labelledby="booking-request-heading"
      class="card"
    >
      <h2
        id="booking-request-heading"
      >
        Demander cette salle
      </h2>
      <p
        class="muted"
      >
        Choisissez une date, puis envoyez votre demande. La salle répond ; rien n'est débité maintenant.
      </p>
      <div
        class="booking-calendar"
      >
        <div
          class="cal-head"
        >
          <button
            aria-label="Mois précédent"
            class="btn btn-ghost btn-icon"
            disabled=""
            type="button"
          >
            <svg
              aria-hidden="true"
              class="lucide lucide-chevron-left"
              data-mirror-rtl=""
              fill="none"
              focusable="false"
              height="16"
              stroke="currentColor"
              stroke-linecap="round"
              stroke-linejoin="round"
              stroke-width="1.75"
              viewBox="0 0 24 24"
              width="16"
              xmlns="http://www.w3.org/2000/svg"
            >
              <path
                d="m15 18-6-6 6-6"
              />
            </svg>
          </button>
          <strong
            aria-live="polite"
            id="_r_27_"
          >
            août 2027
          </strong>
          <button
            aria-label="Mois suivant"
            class="btn btn-ghost btn-icon"
            disabled=""
            type="button"
          >
            <svg
              aria-hidden="true"
              class="lucide lucide-chevron-right"
              data-mirror-rtl=""
              fill="none"
              focusable="false"
              height="16"
              stroke="currentColor"
              stroke-linecap="round"
              stroke-linejoin="round"
              stroke-width="1.75"
              viewBox="0 0 24 24"
              width="16"
              xmlns="http://www.w3.org/2000/svg"
            >
              <path
                d="m9 18 6-6-6-6"
              />
            </svg>
          </button>
        </div>
        <table
          aria-labelledby="_r_27_"
          class="cal-grid"
          role="grid"
        >
          <thead>
            <tr>
              <th
                scope="col"
              >
                <span
                  aria-hidden="true"
                >
                  dim.
                </span>
                <span
                  class="sr-only"
                >
                  dimanche
                </span>
              </th>
              <th
                scope="col"
              >
                <span
                  aria-hidden="true"
                >
                  lun.
                </span>
                <span
                  class="sr-only"
                >
                  lundi
                </span>
              </th>
              <th
                scope="col"
              >
                <span
                  aria-hidden="true"
                >
                  mar.
                </span>
                <span
                  class="sr-only"
                >
                  mardi
                </span>
              </th>
              <th
                scope="col"
              >
                <span
                  aria-hidden="true"
                >
                  mer.
                </span>
                <span
                  class="sr-only"
                >
                  mercredi
                </span>
              </th>
              <th
                scope="col"
              >
                <span
                  aria-hidden="true"
                >
                  jeu.
                </span>
                <span
                  class="sr-only"
                >
                  jeudi
                </span>
              </th>
              <th
                scope="col"
              >
                <span
                  aria-hidden="true"
                >
                  ven.
                </span>
                <span
                  class="sr-only"
                >
                  vendredi
                </span>
              </th>
              <th
                scope="col"
              >
                <span
                  aria-hidden="true"
                >
                  sam.
                </span>
                <span
                  class="sr-only"
                >
                  samedi
...

Ignored nodes: comments, script, style
<body>
  <div>
    <section
      aria-labelledby="booking-request-heading"
      class="card"
    >
      <h2
        id="booking-request-heading"
      >
        Demander cette salle
      </h2>
      <p
        class="muted"
      >
        Choisissez une date, puis envoyez votre demande. La salle répond ; rien n'est débité maintenant.
      </p>
      <div
        class="booking-calendar"
      >
        <div
          class="cal-head"
        >
          <button
            aria-label="Mois précédent"
            class="btn btn-ghost btn-icon"
            disabled=""
            type="button"
          >
            <svg
              aria-hidden="true"
              class="lucide lucide-chevron-left"
              data-mirror-rtl=""
              fill="none"
              focusable="false"
              height="16"
              stroke="currentColor"
              stroke-linecap="round"
              stroke-linejoin="round"
              stroke-width="1.75"
              viewBox="0 0 24 24"
              width="16"
              xmlns="http://www.w3.org/2000/svg"
            >
              <path
                d="m15 18-6-6 6-6"
              />
            </svg>
          </button>
          <strong
            aria-live="polite"
            id="_r_27_"
          >
            août 2027
          </strong>
          <button
            aria-label="Mois suivant"
            class="btn btn-ghost btn-icon"
            disabled=""
            type="button"
          >
            <svg
              aria-hidden="true"
              class="lucide lucide-chevron-right"
              data-mirror-rtl=""
              fill="none"
              focusable="false"
              height="16"
              stroke="currentColor"
              stroke-linecap="round"
              stroke-linejoin="round"
              stroke-width="1.75"
              viewBox="0 0 24 24"
              width="16"
              xmlns="http://www.w3.org/2000/svg"
            >
              <path
                d="m9 18 6-6-6-6"
              />
            </svg>
          </button>
        </div>
        <table
          aria-labelledby="_r_27_"
          class="cal-grid"
          role="grid"
        >
          <thead>
            <tr>
              <th
                scope="col"
              >
                <span
                  aria-hidden="true"
                >
                  dim.
                </span>
                <span
                  class="sr-only"
                >
                  dimanche
                </span>
              </th>
              <th
                scope="col"
              >
                <span
                  aria-hidden="true"
                >
                  lun.
                </span>
                <span
                  class="sr-only"
                >
                  lundi
                </span>
              </th>
              <th
                scope="col"
              >
                <span
                  aria-hidden="true"
                >
                  mar.
                </span>
                <span
                  class="sr-only"
                >
                  mardi
                </span>
              </th>
              <th
                scope="col"
              >
                <span
                  aria-hidden="true"
                >
                  mer.
                </span>
                <span
                  class="sr-only"
                >
                  mercredi
                </span>
              </th>
              <th
                scope="col"
              >
                <span
                  aria-hidden="true"
                >
                  jeu.
                </span>
                <span
                  class="sr-only"
                >
                  jeudi
                </span>
              </th>
              <th
                scope="col"
              >
                <span
                  aria-hidden="true"
                >
                  ven.
                </span>
                <span
                  class="sr-only"
                >
                  vendredi
                </span>
              </th>
              <th
                scope="col"
              >
                <span
                  aria-hidden="true"
                >
                  sam.
                </span>
                <span
                  class="sr-only"
                >
                  samedi
...
   × Prestations — E2d > PER_GUEST : le total suit le nombre d'INVITÉS, pas une quantité saisie 1029ms
     → Unable to find role="button" and name "dimanche 15 août 2027, disponible"

Ignored nodes: comments, script, style
<body>
  <div>
    <section
      aria-labelledby="booking-request-heading"
      class="card"
    >
      <h2
        id="booking-request-heading"
      >
        Demander cette salle
      </h2>
      <p
        class="muted"
      >
        Choisissez une date, puis envoyez votre demande. La salle répond ; rien n'est débité maintenant.
      </p>
      <div
        class="booking-calendar"
      >
        <div
          class="cal-head"
        >
          <button
            aria-label="Mois précédent"
            class="btn btn-ghost btn-icon"
            disabled=""
            type="button"
          >
            <svg
              aria-hidden="true"
              class="lucide lucide-chevron-left"
              data-mirror-rtl=""
              fill="none"
              focusable="false"
              height="16"
              stroke="currentColor"
              stroke-linecap="round"
              stroke-linejoin="round"
              stroke-width="1.75"
              viewBox="0 0 24 24"
              width="16"
              xmlns="http://www.w3.org/2000/svg"
            >
              <path
                d="m15 18-6-6 6-6"
              />
            </svg>
          </button>
          <strong
            aria-live="polite"
            id="_r_2a_"
          >
            août 2027
          </strong>
          <button
            aria-label="Mois suivant"
            class="btn btn-ghost btn-icon"
            disabled=""
            type="button"
          >
            <svg
              aria-hidden="true"
              class="lucide lucide-chevron-right"
              data-mirror-rtl=""
              fill="none"
              focusable="false"
              height="16"
              stroke="currentColor"
              stroke-linecap="round"
              stroke-linejoin="round"
              stroke-width="1.75"
              viewBox="0 0 24 24"
              width="16"
              xmlns="http://www.w3.org/2000/svg"
            >
              <path
                d="m9 18 6-6-6-6"
              />
            </svg>
          </button>
        </div>
        <table
          aria-labelledby="_r_2a_"
          class="cal-grid"
          role="grid"
        >
          <thead>
            <tr>
              <th
                scope="col"
              >
                <span
                  aria-hidden="true"
                >
                  dim.
                </span>
                <span
                  class="sr-only"
                >
                  dimanche
                </span>
              </th>
              <th
                scope="col"
              >
                <span
                  aria-hidden="true"
                >
                  lun.
                </span>
                <span
                  class="sr-only"
                >
                  lundi
                </span>
              </th>
              <th
                scope="col"
              >
                <span
                  aria-hidden="true"
                >
                  mar.
                </span>
                <span
                  class="sr-only"
                >
                  mardi
                </span>
              </th>
              <th
                scope="col"
              >
                <span
                  aria-hidden="true"
                >
                  mer.
                </span>
                <span
                  class="sr-only"
                >
                  mercredi
                </span>
              </th>
              <th
                scope="col"
              >
                <span
                  aria-hidden="true"
                >
                  jeu.
                </span>
                <span
                  class="sr-only"
                >
                  jeudi
                </span>
              </th>
              <th
                scope="col"
              >
                <span
                  aria-hidden="true"
                >
                  ven.
                </span>
                <span
                  class="sr-only"
                >
                  vendredi
                </span>
              </th>
              <th
                scope="col"
              >
                <span
                  aria-hidden="true"
                >
                  sam.
                </span>
                <span
                  class="sr-only"
                >
                  samedi
...

Ignored nodes: comments, script, style
<body>
  <div>
    <section
      aria-labelledby="booking-request-heading"
      class="card"
    >
      <h2
        id="booking-request-heading"
      >
        Demander cette salle
      </h2>
      <p
        class="muted"
      >
        Choisissez une date, puis envoyez votre demande. La salle répond ; rien n'est débité maintenant.
      </p>
      <div
        class="booking-calendar"
      >
        <div
          class="cal-head"
        >
          <button
            aria-label="Mois précédent"
            class="btn btn-ghost btn-icon"
            disabled=""
            type="button"
          >
            <svg
              aria-hidden="true"
              class="lucide lucide-chevron-left"
              data-mirror-rtl=""
              fill="none"
              focusable="false"
              height="16"
              stroke="currentColor"
              stroke-linecap="round"
              stroke-linejoin="round"
              stroke-width="1.75"
              viewBox="0 0 24 24"
              width="16"
              xmlns="http://www.w3.org/2000/svg"
            >
              <path
                d="m15 18-6-6 6-6"
              />
            </svg>
          </button>
          <strong
            aria-live="polite"
            id="_r_2a_"
          >
            août 2027
          </strong>
          <button
            aria-label="Mois suivant"
            class="btn btn-ghost btn-icon"
            disabled=""
            type="button"
          >
            <svg
              aria-hidden="true"
              class="lucide lucide-chevron-right"
              data-mirror-rtl=""
              fill="none"
              focusable="false"
              height="16"
              stroke="currentColor"
              stroke-linecap="round"
              stroke-linejoin="round"
              stroke-width="1.75"
              viewBox="0 0 24 24"
              width="16"
              xmlns="http://www.w3.org/2000/svg"
            >
              <path
                d="m9 18 6-6-6-6"
              />
            </svg>
          </button>
        </div>
        <table
          aria-labelledby="_r_2a_"
          class="cal-grid"
          role="grid"
        >
          <thead>
            <tr>
              <th
                scope="col"
              >
                <span
                  aria-hidden="true"
                >
                  dim.
                </span>
                <span
                  class="sr-only"
                >
                  dimanche
                </span>
              </th>
              <th
                scope="col"
              >
                <span
                  aria-hidden="true"
                >
                  lun.
                </span>
                <span
                  class="sr-only"
                >
                  lundi
                </span>
              </th>
              <th
                scope="col"
              >
                <span
                  aria-hidden="true"
                >
                  mar.
                </span>
                <span
                  class="sr-only"
                >
                  mardi
                </span>
              </th>
              <th
                scope="col"
              >
                <span
                  aria-hidden="true"
                >
                  mer.
                </span>
                <span
                  class="sr-only"
                >
                  mercredi
                </span>
              </th>
              <th
                scope="col"
              >
                <span
                  aria-hidden="true"
                >
                  jeu.
                </span>
                <span
                  class="sr-only"
                >
                  jeudi
                </span>
              </th>
              <th
                scope="col"
              >
                <span
                  aria-hidden="true"
                >
                  ven.
                </span>
                <span
                  class="sr-only"
                >
                  vendredi
                </span>
              </th>
              <th
                scope="col"
              >
                <span
                  aria-hidden="true"
                >
                  sam.
                </span>
                <span
                  class="sr-only"
                >
                  samedi
...
   × Prestations — E2d > l'ACOMPTE suit le total prestations comprises 1025ms
     → Unable to find role="button" and name "dimanche 15 août 2027, disponible"

Ignored nodes: comments, script, style
<body>
  <div>
    <section
      aria-labelledby="booking-request-heading"
      class="card"
    >
      <h2
        id="booking-request-heading"
      >
        Demander cette salle
      </h2>
      <p
        class="muted"
      >
        Choisissez une date, puis envoyez votre demande. La salle répond ; rien n'est débité maintenant.
      </p>
      <div
        class="booking-calendar"
      >
        <div
          class="cal-head"
        >
          <button
            aria-label="Mois précédent"
            class="btn btn-ghost btn-icon"
            disabled=""
            type="button"
          >
            <svg
              aria-hidden="true"
              class="lucide lucide-chevron-left"
              data-mirror-rtl=""
              fill="none"
              focusable="false"
              height="16"
              stroke="currentColor"
              stroke-linecap="round"
              stroke-linejoin="round"
              stroke-width="1.75"
              viewBox="0 0 24 24"
              width="16"
              xmlns="http://www.w3.org/2000/svg"
            >
              <path
                d="m15 18-6-6 6-6"
              />
            </svg>
          </button>
          <strong
            aria-live="polite"
            id="_r_2d_"
          >
            août 2027
          </strong>
          <button
            aria-label="Mois suivant"
            class="btn btn-ghost btn-icon"
            disabled=""
            type="button"
          >
            <svg
              aria-hidden="true"
              class="lucide lucide-chevron-right"
              data-mirror-rtl=""
              fill="none"
              focusable="false"
              height="16"
              stroke="currentColor"
              stroke-linecap="round"
              stroke-linejoin="round"
              stroke-width="1.75"
              viewBox="0 0 24 24"
              width="16"
              xmlns="http://www.w3.org/2000/svg"
            >
              <path
                d="m9 18 6-6-6-6"
              />
            </svg>
          </button>
        </div>
        <table
          aria-labelledby="_r_2d_"
          class="cal-grid"
          role="grid"
        >
          <thead>
            <tr>
              <th
                scope="col"
              >
                <span
                  aria-hidden="true"
                >
                  dim.
                </span>
                <span
                  class="sr-only"
                >
                  dimanche
                </span>
              </th>
              <th
                scope="col"
              >
                <span
                  aria-hidden="true"
                >
                  lun.
                </span>
                <span
                  class="sr-only"
                >
                  lundi
                </span>
              </th>
              <th
                scope="col"
              >
                <span
                  aria-hidden="true"
                >
                  mar.
                </span>
                <span
                  class="sr-only"
                >
                  mardi
                </span>
              </th>
              <th
                scope="col"
              >
                <span
                  aria-hidden="true"
                >
                  mer.
                </span>
                <span
                  class="sr-only"
                >
                  mercredi
                </span>
              </th>
              <th
                scope="col"
              >
                <span
                  aria-hidden="true"
                >
                  jeu.
                </span>
                <span
                  class="sr-only"
                >
                  jeudi
                </span>
              </th>
              <th
                scope="col"
              >
                <span
                  aria-hidden="true"
                >
                  ven.
                </span>
                <span
                  class="sr-only"
                >
                  vendredi
                </span>
              </th>
              <th
                scope="col"
              >
                <span
                  aria-hidden="true"
                >
                  sam.
                </span>
                <span
                  class="sr-only"
                >
                  samedi
...

Ignored nodes: comments, script, style
<body>
  <div>
    <section
      aria-labelledby="booking-request-heading"
      class="card"
    >
      <h2
        id="booking-request-heading"
      >
        Demander cette salle
      </h2>
      <p
        class="muted"
      >
        Choisissez une date, puis envoyez votre demande. La salle répond ; rien n'est débité maintenant.
      </p>
      <div
        class="booking-calendar"
      >
        <div
          class="cal-head"
        >
          <button
            aria-label="Mois précédent"
            class="btn btn-ghost btn-icon"
            disabled=""
            type="button"
          >
            <svg
              aria-hidden="true"
              class="lucide lucide-chevron-left"
              data-mirror-rtl=""
              fill="none"
              focusable="false"
              height="16"
              stroke="currentColor"
              stroke-linecap="round"
              stroke-linejoin="round"
              stroke-width="1.75"
              viewBox="0 0 24 24"
              width="16"
              xmlns="http://www.w3.org/2000/svg"
            >
              <path
                d="m15 18-6-6 6-6"
              />
            </svg>
          </button>
          <strong
            aria-live="polite"
            id="_r_2d_"
          >
            août 2027
          </strong>
          <button
            aria-label="Mois suivant"
            class="btn btn-ghost btn-icon"
            disabled=""
            type="button"
          >
            <svg
              aria-hidden="true"
              class="lucide lucide-chevron-right"
              data-mirror-rtl=""
              fill="none"
              focusable="false"
              height="16"
              stroke="currentColor"
              stroke-linecap="round"
              stroke-linejoin="round"
              stroke-width="1.75"
              viewBox="0 0 24 24"
              width="16"
              xmlns="http://www.w3.org/2000/svg"
            >
              <path
                d="m9 18 6-6-6-6"
              />
            </svg>
          </button>
        </div>
        <table
          aria-labelledby="_r_2d_"
          class="cal-grid"
          role="grid"
        >
          <thead>
            <tr>
              <th
                scope="col"
              >
                <span
                  aria-hidden="true"
                >
                  dim.
                </span>
                <span
                  class="sr-only"
                >
                  dimanche
                </span>
              </th>
              <th
                scope="col"
              >
                <span
                  aria-hidden="true"
                >
                  lun.
                </span>
                <span
                  class="sr-only"
                >
                  lundi
                </span>
              </th>
              <th
                scope="col"
              >
                <span
                  aria-hidden="true"
                >
                  mar.
                </span>
                <span
                  class="sr-only"
                >
                  mardi
                </span>
              </th>
              <th
                scope="col"
              >
                <span
                  aria-hidden="true"
                >
                  mer.
                </span>
                <span
                  class="sr-only"
                >
                  mercredi
                </span>
              </th>
              <th
                scope="col"
              >
                <span
                  aria-hidden="true"
                >
                  jeu.
                </span>
                <span
                  class="sr-only"
                >
                  jeudi
                </span>
              </th>
              <th
                scope="col"
              >
                <span
                  aria-hidden="true"
                >
                  ven.
                </span>
                <span
                  class="sr-only"
                >
                  vendredi
                </span>
              </th>
              <th
                scope="col"
              >
                <span
                  aria-hidden="true"
                >
                  sam.
                </span>
                <span
                  class="sr-only"
                >
                  samedi
...
   × Prestations — E2d > décocher retire la prestation du total 1029ms
     → Unable to find role="button" and name "dimanche 15 août 2027, disponible"

Ignored nodes: comments, script, style
<body>
  <div>
    <section
      aria-labelledby="booking-request-heading"
      class="card"
    >
      <h2
        id="booking-request-heading"
      >
        Demander cette salle
      </h2>
      <p
        class="muted"
      >
        Choisissez une date, puis envoyez votre demande. La salle répond ; rien n'est débité maintenant.
      </p>
      <div
        class="booking-calendar"
      >
        <div
          class="cal-head"
        >
          <button
            aria-label="Mois précédent"
            class="btn btn-ghost btn-icon"
            disabled=""
            type="button"
          >
            <svg
              aria-hidden="true"
              class="lucide lucide-chevron-left"
              data-mirror-rtl=""
              fill="none"
              focusable="false"
              height="16"
              stroke="currentColor"
              stroke-linecap="round"
              stroke-linejoin="round"
              stroke-width="1.75"
              viewBox="0 0 24 24"
              width="16"
              xmlns="http://www.w3.org/2000/svg"
            >
              <path
                d="m15 18-6-6 6-6"
              />
            </svg>
          </button>
          <strong
            aria-live="polite"
            id="_r_2g_"
          >
            août 2027
          </strong>
          <button
            aria-label="Mois suivant"
            class="btn btn-ghost btn-icon"
            disabled=""
            type="button"
          >
            <svg
              aria-hidden="true"
              class="lucide lucide-chevron-right"
              data-mirror-rtl=""
              fill="none"
              focusable="false"
              height="16"
              stroke="currentColor"
              stroke-linecap="round"
              stroke-linejoin="round"
              stroke-width="1.75"
              viewBox="0 0 24 24"
              width="16"
              xmlns="http://www.w3.org/2000/svg"
            >
              <path
                d="m9 18 6-6-6-6"
              />
            </svg>
          </button>
        </div>
        <table
          aria-labelledby="_r_2g_"
          class="cal-grid"
          role="grid"
        >
          <thead>
            <tr>
              <th
                scope="col"
              >
                <span
                  aria-hidden="true"
                >
                  dim.
                </span>
                <span
                  class="sr-only"
                >
                  dimanche
                </span>
              </th>
              <th
                scope="col"
              >
                <span
                  aria-hidden="true"
                >
                  lun.
                </span>
                <span
                  class="sr-only"
                >
                  lundi
                </span>
              </th>
              <th
                scope="col"
              >
                <span
                  aria-hidden="true"
                >
                  mar.
                </span>
                <span
                  class="sr-only"
                >
                  mardi
                </span>
              </th>
              <th
                scope="col"
              >
                <span
                  aria-hidden="true"
                >
                  mer.
                </span>
                <span
                  class="sr-only"
                >
                  mercredi
                </span>
              </th>
              <th
                scope="col"
              >
                <span
                  aria-hidden="true"
                >
                  jeu.
                </span>
                <span
                  class="sr-only"
                >
                  jeudi
                </span>
              </th>
              <th
                scope="col"
              >
                <span
                  aria-hidden="true"
                >
                  ven.
                </span>
                <span
                  class="sr-only"
                >
                  vendredi
                </span>
              </th>
              <th
                scope="col"
              >
                <span
                  aria-hidden="true"
                >
                  sam.
                </span>
                <span
                  class="sr-only"
                >
                  samedi
...

Ignored nodes: comments, script, style
<body>
  <div>
    <section
      aria-labelledby="booking-request-heading"
      class="card"
    >
      <h2
        id="booking-request-heading"
      >
        Demander cette salle
      </h2>
      <p
        class="muted"
      >
        Choisissez une date, puis envoyez votre demande. La salle répond ; rien n'est débité maintenant.
      </p>
      <div
        class="booking-calendar"
      >
        <div
          class="cal-head"
        >
          <button
            aria-label="Mois précédent"
            class="btn btn-ghost btn-icon"
            disabled=""
            type="button"
          >
            <svg
              aria-hidden="true"
              class="lucide lucide-chevron-left"
              data-mirror-rtl=""
              fill="none"
              focusable="false"
              height="16"
              stroke="currentColor"
              stroke-linecap="round"
              stroke-linejoin="round"
              stroke-width="1.75"
              viewBox="0 0 24 24"
              width="16"
              xmlns="http://www.w3.org/2000/svg"
            >
              <path
                d="m15 18-6-6 6-6"
              />
            </svg>
          </button>
          <strong
            aria-live="polite"
            id="_r_2g_"
          >
            août 2027
          </strong>
          <button
            aria-label="Mois suivant"
            class="btn btn-ghost btn-icon"
            disabled=""
            type="button"
          >
            <svg
              aria-hidden="true"
              class="lucide lucide-chevron-right"
              data-mirror-rtl=""
              fill="none"
              focusable="false"
              height="16"
              stroke="currentColor"
              stroke-linecap="round"
              stroke-linejoin="round"
              stroke-width="1.75"
              viewBox="0 0 24 24"
              width="16"
              xmlns="http://www.w3.org/2000/svg"
            >
              <path
                d="m9 18 6-6-6-6"
              />
            </svg>
          </button>
        </div>
        <table
          aria-labelledby="_r_2g_"
          class="cal-grid"
          role="grid"
        >
          <thead>
            <tr>
              <th
                scope="col"
              >
                <span
                  aria-hidden="true"
                >
                  dim.
                </span>
                <span
                  class="sr-only"
                >
                  dimanche
                </span>
              </th>
              <th
                scope="col"
              >
                <span
                  aria-hidden="true"
                >
                  lun.
                </span>
                <span
                  class="sr-only"
                >
                  lundi
                </span>
              </th>
              <th
                scope="col"
              >
                <span
                  aria-hidden="true"
                >
                  mar.
                </span>
                <span
                  class="sr-only"
                >
                  mardi
                </span>
              </th>
              <th
                scope="col"
              >
                <span
                  aria-hidden="true"
                >
                  mer.
                </span>
                <span
                  class="sr-only"
                >
                  mercredi
                </span>
              </th>
              <th
                scope="col"
              >
                <span
                  aria-hidden="true"
                >
                  jeu.
                </span>
                <span
                  class="sr-only"
                >
                  jeudi
                </span>
              </th>
              <th
                scope="col"
              >
                <span
                  aria-hidden="true"
                >
                  ven.
                </span>
                <span
                  class="sr-only"
                >
                  vendredi
                </span>
              </th>
              <th
                scope="col"
              >
                <span
                  aria-hidden="true"
                >
                  sam.
                </span>
                <span
                  class="sr-only"
                >
                  samedi
...

 Test Files  1 failed (1)
      Tests  16 failed | 5 passed (21)
   Start at  18:36:16
   Duration  17.48s (transform 522ms, setup 233ms, collect 1.17s, tests 14.15s, environment 1.24s, prepare 234ms)

undefined
C:\Users\benla\Desktop\MyProjct\Zwadj\apps\client:
 ERR_PNPM_RECURSIVE_EXEC_FIRST_FAIL  Command failed with exit code 1: vitest run src/components/venue/booking-request-panel.test.tsx


⎯⎯⎯⎯⎯⎯ Failed Tests 16 ⎯⎯⎯⎯⎯⎯⎯

 FAIL  src/components/venue/booking-request-panel.test.tsx > Demande de réservation — les dates > une date PRISE reste affichée, désactivée : ça aide à en choisir une autre
TestingLibraryElementError: Unable to find role="button" and name "lundi 16 août 2027, indisponible"

Ignored nodes: comments, script, style
<body>
  <div>
    <section
      aria-labelledby="booking-request-heading"
      class="card"
    >
      <h2
        id="booking-request-heading"
      >
        Demander cette salle
      </h2>
      <p
        class="muted"
      >
        Choisissez une date, puis envoyez votre demande. La salle répond ; rien n'est débité maintenant.
      </p>
      <div
        class="booking-calendar"
      >
        <div
          class="cal-head"
        >
          <button
            aria-label="Mois précédent"
            class="btn btn-ghost btn-icon"
            disabled=""
            type="button"
          >
            <svg
              aria-hidden="true"
              class="lucide lucide-chevron-left"
              data-mirror-rtl=""
              fill="none"
              focusable="false"
              height="16"
              stroke="currentColor"
              stroke-linecap="round"
              stroke-linejoin="round"
              stroke-width="1.75"
              viewBox="0 0 24 24"
              width="16"
              xmlns="http://www.w3.org/2000/svg"
            >
              <path
                d="m15 18-6-6 6-6"
              />
            </svg>
          </button>
          <strong
            aria-live="polite"
            id="_r_2_"
          >
            août 2027
          </strong>
          <button
            aria-label="Mois suivant"
            class="btn btn-ghost btn-icon"
            disabled=""
            type="button"
          >
            <svg
              aria-hidden="true"
              class="lucide lucide-chevron-right"
              data-mirror-rtl=""
              fill="none"
              focusable="false"
              height="16"
              stroke="currentColor"
              stroke-linecap="round"
              stroke-linejoin="round"
              stroke-width="1.75"
              viewBox="0 0 24 24"
              width="16"
              xmlns="http://www.w3.org/2000/svg"
            >
              <path
                d="m9 18 6-6-6-6"
              />
            </svg>
          </button>
        </div>
        <table
          aria-labelledby="_r_2_"
          class="cal-grid"
          role="grid"
        >
          <thead>
            <tr>
              <th
                scope="col"
              >
                <span
                  aria-hidden="true"
                >
                  dim.
                </span>
                <span
                  class="sr-only"
                >
                  dimanche
                </span>
              </th>
              <th
                scope="col"
              >
                <span
                  aria-hidden="true"
                >
                  lun.
                </span>
                <span
                  class="sr-only"
                >
                  lundi
                </span>
              </th>
              <th
                scope="col"
              >
                <span
                  aria-hidden="true"
                >
                  mar.
                </span>
                <span
                  class="sr-only"
                >
                  mardi
                </span>
              </th>
              <th
                scope="col"
              >
                <span
                  aria-hidden="true"
                >
                  mer.
                </span>
                <span
                  class="sr-only"
                >
                  mercredi
                </span>
              </th>
              <th
                scope="col"
              >
                <span
                  aria-hidden="true"
                >
                  jeu.
                </span>
                <span
                  class="sr-only"
                >
                  jeudi
                </span>
              </th>
              <th
                scope="col"
              >
                <span
                  aria-hidden="true"
                >
                  ven.
                </span>
                <span
                  class="sr-only"
                >
                  vendredi
                </span>
              </th>
              <th
                scope="col"
              >
                <span
                  aria-hidden="true"
                >
                  sam.
                </span>
                <span
                  class="sr-only"
                >
                  samedi
  ...

Ignored nodes: comments, script, style
<body>
  <div>
    <section
      aria-labelledby="booking-request-heading"
      class="card"
    >
      <h2
        id="booking-request-heading"
      >
        Demander cette salle
      </h2>
      <p
        class="muted"
      >
        Choisissez une date, puis envoyez votre demande. La salle répond ; rien n'est débité maintenant.
      </p>
      <div
        class="booking-calendar"
      >
        <div
          class="cal-head"
        >
          <button
            aria-label="Mois précédent"
            class="btn btn-ghost btn-icon"
            disabled=""
            type="button"
          >
            <svg
              aria-hidden="true"
              class="lucide lucide-chevron-left"
              data-mirror-rtl=""
              fill="none"
              focusable="false"
              height="16"
              stroke="currentColor"
              stroke-linecap="round"
              stroke-linejoin="round"
              stroke-width="1.75"
              viewBox="0 0 24 24"
              width="16"
              xmlns="http://www.w3.org/2000/svg"
            >
              <path
                d="m15 18-6-6 6-6"
              />
            </svg>
          </button>
          <strong
            aria-live="polite"
            id="_r_2_"
          >
            août 2027
          </strong>
          <button
            aria-label="Mois suivant"
            class="btn btn-ghost btn-icon"
            disabled=""
            type="button"
          >
            <svg
              aria-hidden="true"
              class="lucide lucide-chevron-right"
              data-mirror-rtl=""
              fill="none"
              focusable="false"
              height="16"
              stroke="currentColor"
              stroke-linecap="round"
              stroke-linejoin="round"
              stroke-width="1.75"
              viewBox="0 0 24 24"
              width="16"
              xmlns="http://www.w3.org/2000/svg"
            >
              <path
                d="m9 18 6-6-6-6"
              />
            </svg>
          </button>
        </div>
        <table
          aria-labelledby="_r_2_"
          class="cal-grid"
          role="grid"
        >
          <thead>
            <tr>
              <th
                scope="col"
              >
                <span
                  aria-hidden="true"
                >
                  dim.
                </span>
                <span
                  class="sr-only"
                >
                  dimanche
                </span>
              </th>
              <th
                scope="col"
              >
                <span
                  aria-hidden="true"
                >
                  lun.
                </span>
                <span
                  class="sr-only"
                >
                  lundi
                </span>
              </th>
              <th
                scope="col"
              >
                <span
                  aria-hidden="true"
                >
                  mar.
                </span>
                <span
                  class="sr-only"
                >
                  mardi
                </span>
              </th>
              <th
                scope="col"
              >
                <span
                  aria-hidden="true"
                >
                  mer.
                </span>
                <span
                  class="sr-only"
                >
                  mercredi
                </span>
              </th>
              <th
                scope="col"
              >
                <span
                  aria-hidden="true"
                >
                  jeu.
                </span>
                <span
                  class="sr-only"
                >
                  jeudi
                </span>
              </th>
              <th
                scope="col"
              >
                <span
                  aria-hidden="true"
                >
                  ven.
                </span>
                <span
                  class="sr-only"
                >
                  vendredi
                </span>
              </th>
              <th
                scope="col"
              >
                <span
                  aria-hidden="true"
                >
                  sam.
                </span>
                <span
                  class="sr-only"
                >
                  samedi
  ...
 ❯ waitForWrapper ../../node_modules/.pnpm/@testing-library+dom@10.4.1/node_modules/@testing-library/dom/dist/wait-for.js:163:27
 ❯ ../../node_modules/.pnpm/@testing-library+dom@10.4.1/node_modules/@testing-library/dom/dist/query-helpers.js:86:33
 ❯ src/components/venue/booking-request-panel.test.tsx:137:32
    135|     renderPanel();
    136|     // Rang 29 (D321) : le jour pris est une CASE du calendrier, inact…
    137|     const taken = await screen.findByRole("button", { name: nomJour("2…
       |                                ^
    138|     // Assertions NATIVES : sous neutralisation, un matcher jest-dom é…
    139|     expect(taken.hasAttribute("disabled")).toBe(true);

⎯⎯⎯⎯⎯⎯⎯⎯⎯⎯⎯⎯⎯⎯⎯⎯⎯⎯⎯⎯⎯⎯⎯[1/16]⎯

 FAIL  src/components/venue/booking-request-panel.test.tsx > Demande de réservation — les dates > une date libre est cliquable
TestingLibraryElementError: Unable to find role="button" and name "dimanche 15 août 2027, disponible"

Ignored nodes: comments, script, style
<body>
  <div>
    <section
      aria-labelledby="booking-request-heading"
      class="card"
    >
      <h2
        id="booking-request-heading"
      >
        Demander cette salle
      </h2>
      <p
        class="muted"
      >
        Choisissez une date, puis envoyez votre demande. La salle répond ; rien n'est débité maintenant.
      </p>
      <div
        class="booking-calendar"
      >
        <div
          class="cal-head"
        >
          <button
            aria-label="Mois précédent"
            class="btn btn-ghost btn-icon"
            disabled=""
            type="button"
          >
            <svg
              aria-hidden="true"
              class="lucide lucide-chevron-left"
              data-mirror-rtl=""
              fill="none"
              focusable="false"
              height="16"
              stroke="currentColor"
              stroke-linecap="round"
              stroke-linejoin="round"
              stroke-width="1.75"
              viewBox="0 0 24 24"
              width="16"
              xmlns="http://www.w3.org/2000/svg"
            >
              <path
                d="m15 18-6-6 6-6"
              />
            </svg>
          </button>
          <strong
            aria-live="polite"
            id="_r_5_"
          >
            août 2027
          </strong>
          <button
            aria-label="Mois suivant"
            class="btn btn-ghost btn-icon"
            disabled=""
            type="button"
          >
            <svg
              aria-hidden="true"
              class="lucide lucide-chevron-right"
              data-mirror-rtl=""
              fill="none"
              focusable="false"
              height="16"
              stroke="currentColor"
              stroke-linecap="round"
              stroke-linejoin="round"
              stroke-width="1.75"
              viewBox="0 0 24 24"
              width="16"
              xmlns="http://www.w3.org/2000/svg"
            >
              <path
                d="m9 18 6-6-6-6"
              />
            </svg>
          </button>
        </div>
        <table
          aria-labelledby="_r_5_"
          class="cal-grid"
          role="grid"
        >
          <thead>
            <tr>
              <th
                scope="col"
              >
                <span
                  aria-hidden="true"
                >
                  dim.
                </span>
                <span
                  class="sr-only"
                >
                  dimanche
                </span>
              </th>
              <th
                scope="col"
              >
                <span
                  aria-hidden="true"
                >
                  lun.
                </span>
                <span
                  class="sr-only"
                >
                  lundi
                </span>
              </th>
              <th
                scope="col"
              >
                <span
                  aria-hidden="true"
                >
                  mar.
                </span>
                <span
                  class="sr-only"
                >
                  mardi
                </span>
              </th>
              <th
                scope="col"
              >
                <span
                  aria-hidden="true"
                >
                  mer.
                </span>
                <span
                  class="sr-only"
                >
                  mercredi
                </span>
              </th>
              <th
                scope="col"
              >
                <span
                  aria-hidden="true"
                >
                  jeu.
                </span>
                <span
                  class="sr-only"
                >
                  jeudi
                </span>
              </th>
              <th
                scope="col"
              >
                <span
                  aria-hidden="true"
                >
                  ven.
                </span>
                <span
                  class="sr-only"
                >
                  vendredi
                </span>
              </th>
              <th
                scope="col"
              >
                <span
                  aria-hidden="true"
                >
                  sam.
                </span>
                <span
                  class="sr-only"
                >
                  samedi
  ...

Ignored nodes: comments, script, style
<body>
  <div>
    <section
      aria-labelledby="booking-request-heading"
      class="card"
    >
      <h2
        id="booking-request-heading"
      >
        Demander cette salle
      </h2>
      <p
        class="muted"
      >
        Choisissez une date, puis envoyez votre demande. La salle répond ; rien n'est débité maintenant.
      </p>
      <div
        class="booking-calendar"
      >
        <div
          class="cal-head"
        >
          <button
            aria-label="Mois précédent"
            class="btn btn-ghost btn-icon"
            disabled=""
            type="button"
          >
            <svg
              aria-hidden="true"
              class="lucide lucide-chevron-left"
              data-mirror-rtl=""
              fill="none"
              focusable="false"
              height="16"
              stroke="currentColor"
              stroke-linecap="round"
              stroke-linejoin="round"
              stroke-width="1.75"
              viewBox="0 0 24 24"
              width="16"
              xmlns="http://www.w3.org/2000/svg"
            >
              <path
                d="m15 18-6-6 6-6"
              />
            </svg>
          </button>
          <strong
            aria-live="polite"
            id="_r_5_"
          >
            août 2027
          </strong>
          <button
            aria-label="Mois suivant"
            class="btn btn-ghost btn-icon"
            disabled=""
            type="button"
          >
            <svg
              aria-hidden="true"
              class="lucide lucide-chevron-right"
              data-mirror-rtl=""
              fill="none"
              focusable="false"
              height="16"
              stroke="currentColor"
              stroke-linecap="round"
              stroke-linejoin="round"
              stroke-width="1.75"
              viewBox="0 0 24 24"
              width="16"
              xmlns="http://www.w3.org/2000/svg"
            >
              <path
                d="m9 18 6-6-6-6"
              />
            </svg>
          </button>
        </div>
        <table
          aria-labelledby="_r_5_"
          class="cal-grid"
          role="grid"
        >
          <thead>
            <tr>
              <th
                scope="col"
              >
                <span
                  aria-hidden="true"
                >
                  dim.
                </span>
                <span
                  class="sr-only"
                >
                  dimanche
                </span>
              </th>
              <th
                scope="col"
              >
                <span
                  aria-hidden="true"
                >
                  lun.
                </span>
                <span
                  class="sr-only"
                >
                  lundi
                </span>
              </th>
              <th
                scope="col"
              >
                <span
                  aria-hidden="true"
                >
                  mar.
                </span>
                <span
                  class="sr-only"
                >
                  mardi
                </span>
              </th>
              <th
                scope="col"
              >
                <span
                  aria-hidden="true"
                >
                  mer.
                </span>
                <span
                  class="sr-only"
                >
                  mercredi
                </span>
              </th>
              <th
                scope="col"
              >
                <span
                  aria-hidden="true"
                >
                  jeu.
                </span>
                <span
                  class="sr-only"
                >
                  jeudi
                </span>
              </th>
              <th
                scope="col"
              >
                <span
                  aria-hidden="true"
                >
                  ven.
                </span>
                <span
                  class="sr-only"
                >
                  vendredi
                </span>
              </th>
              <th
                scope="col"
              >
                <span
                  aria-hidden="true"
                >
                  sam.
                </span>
                <span
                  class="sr-only"
                >
                  samedi
  ...
 ❯ waitForWrapper ../../node_modules/.pnpm/@testing-library+dom@10.4.1/node_modules/@testing-library/dom/dist/wait-for.js:163:27
 ❯ ../../node_modules/.pnpm/@testing-library+dom@10.4.1/node_modules/@testing-library/dom/dist/query-helpers.js:86:33
 ❯ src/components/venue/booking-request-panel.test.tsx:146:25
    144|     stubFetch();
    145|     renderPanel();
    146|     expect(await screen.findByRole("button", { name: nomJour("2027-08-…
       |                         ^
    147|   });
    148| 

⎯⎯⎯⎯⎯⎯⎯⎯⎯⎯⎯⎯⎯⎯⎯⎯⎯⎯⎯⎯⎯⎯⎯[2/16]⎯

 FAIL  src/components/venue/booking-request-panel.test.tsx > Demande de réservation — un calendrier, pas une liste (rang 29, D321) > C-c : la navigation parcourt la fenêtre de six mois, et n'en sort pas
TestingLibraryElementError: Unable to find an accessible element with the role "button" and name "dimanche 30 janvier 2028, disponible"

Here are the accessible roles:

  region:

  Name "Demander cette salle":
  <section
    aria-labelledby="booking-request-heading"
    class="card"
  />

  --------------------------------------------------
  heading:

  Name "Demander cette salle":
  <h2
    id="booking-request-heading"
  />

  --------------------------------------------------
  paragraph:

  Name "":
  <p
    class="muted"
  />

  --------------------------------------------------
  button:

  Name "Mois précédent":
  <button
    aria-label="Mois précédent"
    class="btn btn-ghost btn-icon"
    type="button"
  />

  Name "Mois suivant":
  <button
    aria-label="Mois suivant"
    class="btn btn-ghost btn-icon"
    disabled=""
    type="button"
  />

  Name "1":
  <button
    aria-label="1"
    aria-pressed="false"
    class="cal-day"
    tabindex="0"
    type="button"
  />

  Name "2":
  <button
    aria-label="2"
    aria-pressed="false"
    class="cal-day"
    tabindex="-1"
    type="button"
  />

  Name "3":
  <button
    aria-label="3"
    aria-pressed="false"
    class="cal-day"
    tabindex="-1"
    type="button"
  />

  Name "4":
  <button
    aria-label="4"
    aria-pressed="false"
    class="cal-day"
    tabindex="-1"
    type="button"
  />

  Name "5":
  <button
    aria-label="5"
    aria-pressed="false"
    class="cal-day"
    tabindex="-1"
    type="button"
  />

  Name "6":
  <button
    aria-label="6"
    aria-pressed="false"
    class="cal-day"
    tabindex="-1"
    type="button"
  />

  Name "7":
  <button
    aria-label="7"
    aria-pressed="false"
    class="cal-day"
    tabindex="-1"
    type="button"
  />

  Name "8":
  <button
    aria-label="8"
    aria-pressed="false"
    class="cal-day"
    tabindex="-1"
    type="button"
  />

  Name "9":
  <button
    aria-label="9"
    aria-pressed="false"
    class="cal-day"
    tabindex="-1"
    type="button"
  />

  Name "10":
  <button
    aria-label="10"
    aria-pressed="false"
    class="cal-day"
    tabindex="-1"
    type="button"
  />

  Name "11":
  <button
    aria-label="11"
    aria-pressed="false"
    class="cal-day"
    tabindex="-1"
    type="button"
  />

  Name "12":
  <button
    aria-label="12"
    aria-pressed="false"
    class="cal-day"
    tabindex="-1"
    type="button"
  />

  Name "13":
  <button
    aria-label="13"
    aria-pressed="false"
    class="cal-day"
    tabindex="-1"
    type="button"
  />

  Name "14":
  <button
    aria-label="14"
    aria-pressed="false"
    class="cal-day"
    tabindex="-1"
    type="button"
  />

  Name "15":
  <button
    aria-label="15"
    aria-pressed="false"
    class="cal-day"
    tabindex="-1"
    type="button"
  />

  Name "16":
  <button
    aria-label="16"
    aria-pressed="false"
    class="cal-day"
    tabindex="-1"
    type="button"
  />

  Name "17":
  <button
    aria-label="17"
    aria-pressed="false"
    class="cal-day"
    tabindex="-1"
    type="button"
  />

  Name "18":
  <button
    aria-label="18"
    aria-pressed="false"
    class="cal-day"
    tabindex="-1"
    type="button"
  />

  Name "19":
  <button
    aria-label="19"
    aria-pressed="false"
    class="cal-day"
    tabindex="-1"
    type="button"
  />

  Name "20":
  <button
    aria-label="20"
    aria-pressed="false"
    class="cal-day"
    tabindex="-1"
    type="button"
  />

  Name "21":
  <button
    aria-label="21"
    aria-pressed="false"
    class="cal-day"
    tabindex="-1"
    type="button"
  />

  Name "22":
  <button
    aria-label="22"
    aria-pressed="false"
    class="cal-day"
    tabindex="-1"
    type="button"
  />

  Name "23":
  <button
    aria-label="23"
    aria-pressed="false"
    class="cal-day"
    tabindex="-1"
    type="button"
  />

  Name "24":
  <button
    aria-label="24"
    aria-pressed="false"
    class="cal-day"
    tabindex="-1"
    type="button"
  />

  Name "25":
  <button
    aria-label="25"
    aria-pressed="false"
    class="cal-day"
    tabindex="-1"
    type="button"
  />

  Name "26":
  <button
    aria-label="26"
    aria-pressed="false"
    class="cal-day"
    tabindex="-1"
    type="button"
  />

  Name "27":
  <button
    aria-label="27"
    aria-pressed="false"
    class="cal-day"
    tabindex="-1"
    type="button"
  />

  Name "28":
  <button
    aria-label="28"
    aria-pressed="false"
    class="cal-day"
    tabindex="-1"
    type="button"
  />

  Name "29":
  <button
    aria-label="29"
    aria-pressed="false"
    class="cal-day"
    tabindex="-1"
    type="button"
  />

  Name "30":
  <button
    aria-label="30"
    aria-pressed="false"
    class="cal-day"
    tabindex="-1"
    type="button"
  />

  Name "31":
  <button
    aria-label="31"
    aria-pressed="false"
    class="cal-day"
    disabled=""
    tabindex="-1"
    type="button"
  />

  --------------------------------------------------
  strong:

  Name "":
  <strong
    aria-live="polite"
    id="_r_d_"
  />

  --------------------------------------------------
  grid:

  Name "janvier 2028":
  <table
    aria-labelledby="_r_d_"
    class="cal-grid"
    role="grid"
  />

  --------------------------------------------------
  rowgroup:

  Name "":
  <thead />

  Name "":
  <tbody />

  --------------------------------------------------
  row:

  Name "dimanche lundi mardi mercredi jeudi vendredi samedi":
  <tr />

  Name "1":
  <tr />

  Name "2 3 4 5 6 7 8":
  <tr />

  Name "9 10 11 12 13 14 15":
  <tr />

  Name "16 17 18 19 20 21 22":
  <tr />

  Name "23 24 25 26 27 28 29":
  <tr />

  Name "30 31":
  <tr />

  --------------------------------------------------
  columnheader:

  Name "dimanche":
  <th
    scope="col"
  />

  Name "lundi":
  <th
    scope="col"
  />

  Name "mardi":
  <th
    scope="col"
  />

  Name "mercredi":
  <th
    scope="col"
  />

  Name "jeudi":
  <th
    scope="col"
  />

  Name "vendredi":
  <th
    scope="col"
  />

  Name "samedi":
  <th
    scope="col"
  />

  --------------------------------------------------
  cell:

  Name "":
  <td
    class="cal-pad"
  />

  Name "":
  <td
    class="cal-pad"
  />

  Name "":
  <td
    class="cal-pad"
  />

  Name "":
  <td
    class="cal-pad"
  />

  Name "":
  <td
    class="cal-pad"
  />

  Name "":
  <td
    class="cal-pad"
  />

  Name "1":
  <td
    class="cal-cell is-weekend"
  />

  Name "2":
  <td
    class="cal-cell"
  />

  Name "3":
  <td
    class="cal-cell"
  />

  Name "4":
  <td
    class="cal-cell"
  />

  Name "5":
  <td
    class="cal-cell"
  />

  Name "6":
  <td
    class="cal-cell"
  />

  Name "7":
  <td
    class="cal-cell is-weekend"
  />

  Name "8":
  <td
    class="cal-cell is-weekend"
  />

  Name "9":
  <td
    class="cal-cell"
  />

  Name "10":
  <td
    class="cal-cell"
  />

  Name "11":
  <td
    class="cal-cell"
  />

  Name "12":
  <td
    class="cal-cell"
  />

  Name "13":
  <td
    class="cal-cell"
  />

  Name "14":
  <td
    class="cal-cell is-weekend"
  />

  Name "15":
  <td
    class="cal-cell is-weekend"
  />

  Name "16":
  <td
    class="cal-cell"
  />

  Name "17":
  <td
    class="cal-cell"
  />

  Name "18":
  <td
    class="cal-cell"
  />

  Name "19":
  <td
    class="cal-cell"
  />

  Name "20":
  <td
    class="cal-cell"
  />

  Name "21":
  <td
    class="cal-cell is-weekend"
  />

  Name "22":
  <td
    class="cal-cell is-weekend"
  />

  Name "23":
  <td
    class="cal-cell"
  />

  Name "24":
  <td
    class="cal-cell"
  />

  Name "25":
  <td
    class="cal-cell"
  />

  Name "26":
  <td
    class="cal-cell"
  />

  Name "27":
  <td
    class="cal-cell"
  />

  Name "28":
  <td
    class="cal-cell is-weekend"
  />

  Name "29":
  <td
    class="cal-cell is-weekend"
  />

  Name "30":
  <td
    class="cal-cell"
  />

  Name "31":
  <td
    class="cal-cell"
  />

  Name "":
  <td
    class="cal-pad"
  />

  Name "":
  <td
    class="cal-pad"
  />

  Name "":
  <td
    class="cal-pad"
  />

  Name "":
  <td
    class="cal-pad"
  />

  Name "":
  <td
    class="cal-pad"
  />

  --------------------------------------------------
  textbox:

  Name "Nombre d'invités":
  <input
    id="_r_c_"
    inputmode="numeric"
    required=""
    value=""
  />

  --------------------------------------------------
  link:

  Name "Se connecter pour demander":
  <a
    href="/auth/connexion"
  />

  --------------------------------------------------

Ignored nodes: comments, script, style
<body>
  <div>
    <section
      aria-labelledby="booking-request-heading"
      class="card"
    >
      <h2
        id="booking-request-heading"
      >
        Demander cette salle
      </h2>
      <p
        class="muted"
      >
        Choisissez une date, puis envoyez votre demande. La salle répond ; rien n'est débité maintenant.
      </p>
      <div
        class="booking-calendar"
      >
        <div
          class="cal-head"
        >
          <button
            aria-label="Mois précédent"
            class="btn btn-ghost btn-icon"
            type="button"
          >
            <svg
              aria-hidden="true"
              class="lucide lucide-chevron-left"
              data-mirror-rtl=""
              fill="none"
              focusable="false"
              height="16"
              stroke="currentColor"
              stroke-linecap="round"
              stroke-linejoin="round"
              stroke-width="1.75"
              viewBox="0 0 24 24"
              width="16"
              xmlns="http://www.w3.org/2000/svg"
            >
              <path
                d="m15 18-6-6 6-6"
              />
            </svg>
          </button>
          <strong
            aria-live="polite"
            id="_r_d_"
          >
            janvier 2028
          </strong>
          <button
            aria-label="Mois suivant"
            class="btn btn-ghost btn-icon"
            disabled=""
            type="button"
          >
            <svg
              aria-hidden="true"
              class="lucide lucide-chevron-right"
              data-mirror-rtl=""
              fill="none"
              focusable="false"
              height="16"
              stroke="currentColor"
              stroke-linecap="round"
              stroke-linejoin="round"
              stroke-width="1.75"
              viewBox="0 0 24 24"
              width="16"
              xmlns="http://www.w3.org/2000/svg"
            >
              <path
                d="m9 18 6-6-6-6"
              />
            </svg>
          </button>
        </div>
        <table
          aria-labelledby="_r_d_"
          class="cal-grid"
          role="grid"
        >
          <thead>
            <tr>
              <th
                scope="col"
              >
                <span
                  aria-hidden="true"
                >
                  dim.
                </span>
                <span
                  class="sr-only"
                >
                  dimanche
                </span>
              </th>
              <th
                scope="col"
              >
                <span
                  aria-hidden="true"
                >
                  lun.
                </span>
                <span
                  class="sr-only"
                >
                  lundi
                </span>
              </th>
              <th
                scope="col"
              >
                <span
                  aria-hidden="true"
                >
                  mar.
                </span>
                <span
                  class="sr-only"
                >
                  mardi
                </span>
              </th>
              <th
                scope="col"
              >
                <span
                  aria-hidden="true"
                >
                  mer.
                </span>
                <span
                  class="sr-only"
                >
                  mercredi
                </span>
              </th>
              <th
                scope="col"
              >
                <span
                  aria-hidden="true"
                >
                  jeu.
                </span>
                <span
                  class="sr-only"
                >
                  jeudi
                </span>
              </th>
              <th
                scope="col"
              >
                <span
                  aria-hidden="true"
                >
                  ven.
                </span>
                <span
                  class="sr-only"
                >
                  vendredi
                </span>
              </th>
              <th
                scope="col"
              >
                <span
                  aria-hidden="true"
                >
                  sam.
                </span>
                <span
                  class="sr-only"
                >
                  samedi
                </span>
         ...
 ❯ Object.getElementError ../../node_modules/.pnpm/@testing-library+dom@10.4.1/node_modules/@testing-library/dom/dist/config.js:37:19
 ❯ ../../node_modules/.pnpm/@testing-library+dom@10.4.1/node_modules/@testing-library/dom/dist/query-helpers.js:76:38
 ❯ ../../node_modules/.pnpm/@testing-library+dom@10.4.1/node_modules/@testing-library/dom/dist/query-helpers.js:52:17
 ❯ ../../node_modules/.pnpm/@testing-library+dom@10.4.1/node_modules/@testing-library/dom/dist/query-helpers.js:95:19
 ❯ src/components/venue/booking-request-panel.test.tsx:203:19
    201|     expect(clics).toBe(5);
    202|     expect(screen.getByRole("grid", { name: monthLabel(cible, "fr") })…
    203|     expect(screen.getByRole("button", { name: nomJour(dernier) })).toB…
       |                   ^
    204|   });
    205| 

⎯⎯⎯⎯⎯⎯⎯⎯⎯⎯⎯⎯⎯⎯⎯⎯⎯⎯⎯⎯⎯⎯⎯[3/16]⎯

 FAIL  src/components/venue/booking-request-panel.test.tsx > Demande de réservation — un calendrier, pas une liste (rang 29, D321) > C-e : UN arrêt de tabulation dans la grille, et la flèche droite avance d'un jour
AssertionError: expected [ '2' ] to deeply equal [ 'lundi 2 août 2027, disponible' ]

- Expected
+ Received

  [
-   "lundi 2 août 2027, disponible",
+   "2",
  ]

 ❯ src/components/venue/booking-request-panel.test.tsx:221:61
    219|     const grille = await screen.findByRole("grid", { name: monthLabel(…
    220|     const arrets = Array.from(grille.querySelectorAll("button")).filte…
    221|     expect(arrets.map((b) => b.getAttribute("aria-label"))).toEqual([n…
       |                                                             ^
    222|     arrets[0]!.focus();
    223|     fireEvent.keyDown(arrets[0]!, { key: "ArrowRight" });

⎯⎯⎯⎯⎯⎯⎯⎯⎯⎯⎯⎯⎯⎯⎯⎯⎯⎯⎯⎯⎯⎯⎯[4/16]⎯

 FAIL  src/components/venue/booking-request-panel.test.tsx > Demande de réservation — un calendrier, pas une liste (rang 29, D321) > C-e : EN ARABE, la flèche GAUCHE avance d'un jour — la grille se lit de droite à gauche
AssertionError: expected '2' to be 'الاثنين، 2 أغسطس 2027، متاح' // Object.is equality

Expected: "الاثنين، 2 أغسطس 2027، متاح"
Received: "2"

 ❯ src/components/venue/booking-request-panel.test.tsx:235:47
    233|     const grille = await screen.findByRole("grid", { name: monthLabel(…
    234|     const depart = Array.from(grille.querySelectorAll("button")).find(…
    235|     expect(depart.getAttribute("aria-label")).toBe(nomJour("2027-08-02…
       |                                               ^
    236|     depart.focus();
    237|     fireEvent.keyDown(depart, { key: "ArrowLeft" });

⎯⎯⎯⎯⎯⎯⎯⎯⎯⎯⎯⎯⎯⎯⎯⎯⎯⎯⎯⎯⎯⎯⎯[5/16]⎯

 FAIL  src/components/venue/booking-request-panel.test.tsx > Demande de réservation — un calendrier, pas une liste (rang 29, D321) > C-d : le jour REGARDÉ est celui qu'on envoie, au créneau cliqué — et un créneau pris de ce jour reste affiché, inactif
TestingLibraryElementError: Unable to find role="button" and name "vendredi 20 août 2027, disponible"

Ignored nodes: comments, script, style
<body>
  <div>
    <section
      aria-labelledby="booking-request-heading"
      class="card"
    >
      <h2
        id="booking-request-heading"
      >
        Demander cette salle
      </h2>
      <p
        class="muted"
      >
        Choisissez une date, puis envoyez votre demande. La salle répond ; rien n'est débité maintenant.
      </p>
      <div
        class="booking-calendar"
      >
        <div
          class="cal-head"
        >
          <button
            aria-label="Mois précédent"
            class="btn btn-ghost btn-icon"
            disabled=""
            type="button"
          >
            <svg
              aria-hidden="true"
              class="lucide lucide-chevron-left"
              data-mirror-rtl=""
              fill="none"
              focusable="false"
              height="16"
              stroke="currentColor"
              stroke-linecap="round"
              stroke-linejoin="round"
              stroke-width="1.75"
              viewBox="0 0 24 24"
              width="16"
              xmlns="http://www.w3.org/2000/svg"
            >
              <path
                d="m15 18-6-6 6-6"
              />
            </svg>
          </button>
          <strong
            aria-live="polite"
            id="_r_p_"
          >
            août 2027
          </strong>
          <button
            aria-label="Mois suivant"
            class="btn btn-ghost btn-icon"
            disabled=""
            type="button"
          >
            <svg
              aria-hidden="true"
              class="lucide lucide-chevron-right"
              data-mirror-rtl=""
              fill="none"
              focusable="false"
              height="16"
              stroke="currentColor"
              stroke-linecap="round"
              stroke-linejoin="round"
              stroke-width="1.75"
              viewBox="0 0 24 24"
              width="16"
              xmlns="http://www.w3.org/2000/svg"
            >
              <path
                d="m9 18 6-6-6-6"
              />
            </svg>
          </button>
        </div>
        <table
          aria-labelledby="_r_p_"
          class="cal-grid"
          role="grid"
        >
          <thead>
            <tr>
              <th
                scope="col"
              >
                <span
                  aria-hidden="true"
                >
                  dim.
                </span>
                <span
                  class="sr-only"
                >
                  dimanche
                </span>
              </th>
              <th
                scope="col"
              >
                <span
                  aria-hidden="true"
                >
                  lun.
                </span>
                <span
                  class="sr-only"
                >
                  lundi
                </span>
              </th>
              <th
                scope="col"
              >
                <span
                  aria-hidden="true"
                >
                  mar.
                </span>
                <span
                  class="sr-only"
                >
                  mardi
                </span>
              </th>
              <th
                scope="col"
              >
                <span
                  aria-hidden="true"
                >
                  mer.
                </span>
                <span
                  class="sr-only"
                >
                  mercredi
                </span>
              </th>
              <th
                scope="col"
              >
                <span
                  aria-hidden="true"
                >
                  jeu.
                </span>
                <span
                  class="sr-only"
                >
                  jeudi
                </span>
              </th>
              <th
                scope="col"
              >
                <span
                  aria-hidden="true"
                >
                  ven.
                </span>
                <span
                  class="sr-only"
                >
                  vendredi
                </span>
              </th>
              <th
                scope="col"
              >
                <span
                  aria-hidden="true"
                >
                  sam.
                </span>
                <span
                  class="sr-only"
                >
                  samedi
  ...

Ignored nodes: comments, script, style
<body>
  <div>
    <section
      aria-labelledby="booking-request-heading"
      class="card"
    >
      <h2
        id="booking-request-heading"
      >
        Demander cette salle
      </h2>
      <p
        class="muted"
      >
        Choisissez une date, puis envoyez votre demande. La salle répond ; rien n'est débité maintenant.
      </p>
      <div
        class="booking-calendar"
      >
        <div
          class="cal-head"
        >
          <button
            aria-label="Mois précédent"
            class="btn btn-ghost btn-icon"
            disabled=""
            type="button"
          >
            <svg
              aria-hidden="true"
              class="lucide lucide-chevron-left"
              data-mirror-rtl=""
              fill="none"
              focusable="false"
              height="16"
              stroke="currentColor"
              stroke-linecap="round"
              stroke-linejoin="round"
              stroke-width="1.75"
              viewBox="0 0 24 24"
              width="16"
              xmlns="http://www.w3.org/2000/svg"
            >
              <path
                d="m15 18-6-6 6-6"
              />
            </svg>
          </button>
          <strong
            aria-live="polite"
            id="_r_p_"
          >
            août 2027
          </strong>
          <button
            aria-label="Mois suivant"
            class="btn btn-ghost btn-icon"
            disabled=""
            type="button"
          >
            <svg
              aria-hidden="true"
              class="lucide lucide-chevron-right"
              data-mirror-rtl=""
              fill="none"
              focusable="false"
              height="16"
              stroke="currentColor"
              stroke-linecap="round"
              stroke-linejoin="round"
              stroke-width="1.75"
              viewBox="0 0 24 24"
              width="16"
              xmlns="http://www.w3.org/2000/svg"
            >
              <path
                d="m9 18 6-6-6-6"
              />
            </svg>
          </button>
        </div>
        <table
          aria-labelledby="_r_p_"
          class="cal-grid"
          role="grid"
        >
          <thead>
            <tr>
              <th
                scope="col"
              >
                <span
                  aria-hidden="true"
                >
                  dim.
                </span>
                <span
                  class="sr-only"
                >
                  dimanche
                </span>
              </th>
              <th
                scope="col"
              >
                <span
                  aria-hidden="true"
                >
                  lun.
                </span>
                <span
                  class="sr-only"
                >
                  lundi
                </span>
              </th>
              <th
                scope="col"
              >
                <span
                  aria-hidden="true"
                >
                  mar.
                </span>
                <span
                  class="sr-only"
                >
                  mardi
                </span>
              </th>
              <th
                scope="col"
              >
                <span
                  aria-hidden="true"
                >
                  mer.
                </span>
                <span
                  class="sr-only"
                >
                  mercredi
                </span>
              </th>
              <th
                scope="col"
              >
                <span
                  aria-hidden="true"
                >
                  jeu.
                </span>
                <span
                  class="sr-only"
                >
                  jeudi
                </span>
              </th>
              <th
                scope="col"
              >
                <span
                  aria-hidden="true"
                >
                  ven.
                </span>
                <span
                  class="sr-only"
                >
                  vendredi
                </span>
              </th>
              <th
                scope="col"
              >
                <span
                  aria-hidden="true"
                >
                  sam.
                </span>
                <span
                  class="sr-only"
                >
                  samedi
  ...
 ❯ waitForWrapper ../../node_modules/.pnpm/@testing-library+dom@10.4.1/node_modules/@testing-library/dom/dist/wait-for.js:163:27
 ❯ ../../node_modules/.pnpm/@testing-library+dom@10.4.1/node_modules/@testing-library/dom/dist/query-helpers.js:86:33
 ❯ src/components/venue/booking-request-panel.test.tsx:258:34
    256|     });
    257|     const client = renderPanel({}, CLIENT_CONNECTE);
    258|     fireEvent.click(await screen.findByRole("button", { name: nomJour(…
       |                                  ^
    259|     const pris = screen.getByRole("button", { name: /^Soirée · / });
    260|     expect(pris.hasAttribute("disabled")).toBe(true);

⎯⎯⎯⎯⎯⎯⎯⎯⎯⎯⎯⎯⎯⎯⎯⎯⎯⎯⎯⎯⎯⎯⎯[6/16]⎯

 FAIL  src/components/venue/booking-request-panel.test.tsx > Demande de réservation — la fenêtre de six mois, découpée pour le contrat (rang 25, D316) > D147 : chaque requête passe le contrat, et les fenêtres couvrent les six mois sans trou
TestingLibraryElementError: Unable to find role="button" and name "dimanche 15 août 2027, disponible"

Ignored nodes: comments, script, style
<body>
  <div>
    <section
      aria-labelledby="booking-request-heading"
      class="card"
    >
      <h2
        id="booking-request-heading"
      >
        Demander cette salle
      </h2>
      <p
        class="muted"
      >
        Choisissez une date, puis envoyez votre demande. La salle répond ; rien n'est débité maintenant.
      </p>
      <div
        class="booking-calendar"
      >
        <div
          class="cal-head"
        >
          <button
            aria-label="Mois précédent"
            class="btn btn-ghost btn-icon"
            disabled=""
            type="button"
          >
            <svg
              aria-hidden="true"
              class="lucide lucide-chevron-left"
              data-mirror-rtl=""
              fill="none"
              focusable="false"
              height="16"
              stroke="currentColor"
              stroke-linecap="round"
              stroke-linejoin="round"
              stroke-width="1.75"
              viewBox="0 0 24 24"
              width="16"
              xmlns="http://www.w3.org/2000/svg"
            >
              <path
                d="m15 18-6-6 6-6"
              />
            </svg>
          </button>
          <strong
            aria-live="polite"
            id="_r_11_"
          >
            août 2027
          </strong>
          <button
            aria-label="Mois suivant"
            class="btn btn-ghost btn-icon"
            disabled=""
            type="button"
          >
            <svg
              aria-hidden="true"
              class="lucide lucide-chevron-right"
              data-mirror-rtl=""
              fill="none"
              focusable="false"
              height="16"
              stroke="currentColor"
              stroke-linecap="round"
              stroke-linejoin="round"
              stroke-width="1.75"
              viewBox="0 0 24 24"
              width="16"
              xmlns="http://www.w3.org/2000/svg"
            >
              <path
                d="m9 18 6-6-6-6"
              />
            </svg>
          </button>
        </div>
        <table
          aria-labelledby="_r_11_"
          class="cal-grid"
          role="grid"
        >
          <thead>
            <tr>
              <th
                scope="col"
              >
                <span
                  aria-hidden="true"
                >
                  dim.
                </span>
                <span
                  class="sr-only"
                >
                  dimanche
                </span>
              </th>
              <th
                scope="col"
              >
                <span
                  aria-hidden="true"
                >
                  lun.
                </span>
                <span
                  class="sr-only"
                >
                  lundi
                </span>
              </th>
              <th
                scope="col"
              >
                <span
                  aria-hidden="true"
                >
                  mar.
                </span>
                <span
                  class="sr-only"
                >
                  mardi
                </span>
              </th>
              <th
                scope="col"
              >
                <span
                  aria-hidden="true"
                >
                  mer.
                </span>
                <span
                  class="sr-only"
                >
                  mercredi
                </span>
              </th>
              <th
                scope="col"
              >
                <span
                  aria-hidden="true"
                >
                  jeu.
                </span>
                <span
                  class="sr-only"
                >
                  jeudi
                </span>
              </th>
              <th
                scope="col"
              >
                <span
                  aria-hidden="true"
                >
                  ven.
                </span>
                <span
                  class="sr-only"
                >
                  vendredi
                </span>
              </th>
              <th
                scope="col"
              >
                <span
                  aria-hidden="true"
                >
                  sam.
                </span>
                <span
                  class="sr-only"
                >
                  samedi
...

Ignored nodes: comments, script, style
<body>
  <div>
    <section
      aria-labelledby="booking-request-heading"
      class="card"
    >
      <h2
        id="booking-request-heading"
      >
        Demander cette salle
      </h2>
      <p
        class="muted"
      >
        Choisissez une date, puis envoyez votre demande. La salle répond ; rien n'est débité maintenant.
      </p>
      <div
        class="booking-calendar"
      >
        <div
          class="cal-head"
        >
          <button
            aria-label="Mois précédent"
            class="btn btn-ghost btn-icon"
            disabled=""
            type="button"
          >
            <svg
              aria-hidden="true"
              class="lucide lucide-chevron-left"
              data-mirror-rtl=""
              fill="none"
              focusable="false"
              height="16"
              stroke="currentColor"
              stroke-linecap="round"
              stroke-linejoin="round"
              stroke-width="1.75"
              viewBox="0 0 24 24"
              width="16"
              xmlns="http://www.w3.org/2000/svg"
            >
              <path
                d="m15 18-6-6 6-6"
              />
            </svg>
          </button>
          <strong
            aria-live="polite"
            id="_r_11_"
          >
            août 2027
          </strong>
          <button
            aria-label="Mois suivant"
            class="btn btn-ghost btn-icon"
            disabled=""
            type="button"
          >
            <svg
              aria-hidden="true"
              class="lucide lucide-chevron-right"
              data-mirror-rtl=""
              fill="none"
              focusable="false"
              height="16"
              stroke="currentColor"
              stroke-linecap="round"
              stroke-linejoin="round"
              stroke-width="1.75"
              viewBox="0 0 24 24"
              width="16"
              xmlns="http://www.w3.org/2000/svg"
            >
              <path
                d="m9 18 6-6-6-6"
              />
            </svg>
          </button>
        </div>
        <table
          aria-labelledby="_r_11_"
          class="cal-grid"
          role="grid"
        >
          <thead>
            <tr>
              <th
                scope="col"
              >
                <span
                  aria-hidden="true"
                >
                  dim.
                </span>
                <span
                  class="sr-only"
                >
                  dimanche
                </span>
              </th>
              <th
                scope="col"
              >
                <span
                  aria-hidden="true"
                >
                  lun.
                </span>
                <span
                  class="sr-only"
                >
                  lundi
                </span>
              </th>
              <th
                scope="col"
              >
                <span
                  aria-hidden="true"
                >
                  mar.
                </span>
                <span
                  class="sr-only"
                >
                  mardi
                </span>
              </th>
              <th
                scope="col"
              >
                <span
                  aria-hidden="true"
                >
                  mer.
                </span>
                <span
                  class="sr-only"
                >
                  mercredi
                </span>
              </th>
              <th
                scope="col"
              >
                <span
                  aria-hidden="true"
                >
                  jeu.
                </span>
                <span
                  class="sr-only"
                >
                  jeudi
                </span>
              </th>
              <th
                scope="col"
              >
                <span
                  aria-hidden="true"
                >
                  ven.
                </span>
                <span
                  class="sr-only"
                >
                  vendredi
                </span>
              </th>
              <th
                scope="col"
              >
                <span
                  aria-hidden="true"
                >
                  sam.
                </span>
                <span
                  class="sr-only"
                >
                  samedi
...
 ❯ waitForWrapper ../../node_modules/.pnpm/@testing-library+dom@10.4.1/node_modules/@testing-library/dom/dist/wait-for.js:163:27
 ❯ ../../node_modules/.pnpm/@testing-library+dom@10.4.1/node_modules/@testing-library/dom/dist/query-helpers.js:86:33
 ❯ src/components/venue/booking-request-panel.test.tsx:296:25
    294|     }
    295|     // Le rendu va à son terme : aucune mise à jour d'état après la fi…
    296|     expect(await screen.findByRole("button", { name: nomJour("2027-08-…
       |                         ^
    297|   });
    298| 

⎯⎯⎯⎯⎯⎯⎯⎯⎯⎯⎯⎯⎯⎯⎯⎯⎯⎯⎯⎯⎯⎯⎯[7/16]⎯

 FAIL  src/components/venue/booking-request-panel.test.tsx > Demande de réservation — l'acompte annoncé AVANT l'envoi (D81) > 30 % de 200 000 DA = 60 000 DA
TestingLibraryElementError: Unable to find role="button" and name "dimanche 15 août 2027, disponible"

Ignored nodes: comments, script, style
<body>
  <div>
    <section
      aria-labelledby="booking-request-heading"
      class="card"
    >
      <h2
        id="booking-request-heading"
      >
        Demander cette salle
      </h2>
      <p
        class="muted"
      >
        Choisissez une date, puis envoyez votre demande. La salle répond ; rien n'est débité maintenant.
      </p>
      <div
        class="booking-calendar"
      >
        <div
          class="cal-head"
        >
          <button
            aria-label="Mois précédent"
            class="btn btn-ghost btn-icon"
            disabled=""
            type="button"
          >
            <svg
              aria-hidden="true"
              class="lucide lucide-chevron-left"
              data-mirror-rtl=""
              fill="none"
              focusable="false"
              height="16"
              stroke="currentColor"
              stroke-linecap="round"
              stroke-linejoin="round"
              stroke-width="1.75"
              viewBox="0 0 24 24"
              width="16"
              xmlns="http://www.w3.org/2000/svg"
            >
              <path
                d="m15 18-6-6 6-6"
              />
            </svg>
          </button>
          <strong
            aria-live="polite"
            id="_r_16_"
          >
            août 2027
          </strong>
          <button
            aria-label="Mois suivant"
            class="btn btn-ghost btn-icon"
            disabled=""
            type="button"
          >
            <svg
              aria-hidden="true"
              class="lucide lucide-chevron-right"
              data-mirror-rtl=""
              fill="none"
              focusable="false"
              height="16"
              stroke="currentColor"
              stroke-linecap="round"
              stroke-linejoin="round"
              stroke-width="1.75"
              viewBox="0 0 24 24"
              width="16"
              xmlns="http://www.w3.org/2000/svg"
            >
              <path
                d="m9 18 6-6-6-6"
              />
            </svg>
          </button>
        </div>
        <table
          aria-labelledby="_r_16_"
          class="cal-grid"
          role="grid"
        >
          <thead>
            <tr>
              <th
                scope="col"
              >
                <span
                  aria-hidden="true"
                >
                  dim.
                </span>
                <span
                  class="sr-only"
                >
                  dimanche
                </span>
              </th>
              <th
                scope="col"
              >
                <span
                  aria-hidden="true"
                >
                  lun.
                </span>
                <span
                  class="sr-only"
                >
                  lundi
                </span>
              </th>
              <th
                scope="col"
              >
                <span
                  aria-hidden="true"
                >
                  mar.
                </span>
                <span
                  class="sr-only"
                >
                  mardi
                </span>
              </th>
              <th
                scope="col"
              >
                <span
                  aria-hidden="true"
                >
                  mer.
                </span>
                <span
                  class="sr-only"
                >
                  mercredi
                </span>
              </th>
              <th
                scope="col"
              >
                <span
                  aria-hidden="true"
                >
                  jeu.
                </span>
                <span
                  class="sr-only"
                >
                  jeudi
                </span>
              </th>
              <th
                scope="col"
              >
                <span
                  aria-hidden="true"
                >
                  ven.
                </span>
                <span
                  class="sr-only"
                >
                  vendredi
                </span>
              </th>
              <th
                scope="col"
              >
                <span
                  aria-hidden="true"
                >
                  sam.
                </span>
                <span
                  class="sr-only"
                >
                  samedi
...

Ignored nodes: comments, script, style
<body>
  <div>
    <section
      aria-labelledby="booking-request-heading"
      class="card"
    >
      <h2
        id="booking-request-heading"
      >
        Demander cette salle
      </h2>
      <p
        class="muted"
      >
        Choisissez une date, puis envoyez votre demande. La salle répond ; rien n'est débité maintenant.
      </p>
      <div
        class="booking-calendar"
      >
        <div
          class="cal-head"
        >
          <button
            aria-label="Mois précédent"
            class="btn btn-ghost btn-icon"
            disabled=""
            type="button"
          >
            <svg
              aria-hidden="true"
              class="lucide lucide-chevron-left"
              data-mirror-rtl=""
              fill="none"
              focusable="false"
              height="16"
              stroke="currentColor"
              stroke-linecap="round"
              stroke-linejoin="round"
              stroke-width="1.75"
              viewBox="0 0 24 24"
              width="16"
              xmlns="http://www.w3.org/2000/svg"
            >
              <path
                d="m15 18-6-6 6-6"
              />
            </svg>
          </button>
          <strong
            aria-live="polite"
            id="_r_16_"
          >
            août 2027
          </strong>
          <button
            aria-label="Mois suivant"
            class="btn btn-ghost btn-icon"
            disabled=""
            type="button"
          >
            <svg
              aria-hidden="true"
              class="lucide lucide-chevron-right"
              data-mirror-rtl=""
              fill="none"
              focusable="false"
              height="16"
              stroke="currentColor"
              stroke-linecap="round"
              stroke-linejoin="round"
              stroke-width="1.75"
              viewBox="0 0 24 24"
              width="16"
              xmlns="http://www.w3.org/2000/svg"
            >
              <path
                d="m9 18 6-6-6-6"
              />
            </svg>
          </button>
        </div>
        <table
          aria-labelledby="_r_16_"
          class="cal-grid"
          role="grid"
        >
          <thead>
            <tr>
              <th
                scope="col"
              >
                <span
                  aria-hidden="true"
                >
                  dim.
                </span>
                <span
                  class="sr-only"
                >
                  dimanche
                </span>
              </th>
              <th
                scope="col"
              >
                <span
                  aria-hidden="true"
                >
                  lun.
                </span>
                <span
                  class="sr-only"
                >
                  lundi
                </span>
              </th>
              <th
                scope="col"
              >
                <span
                  aria-hidden="true"
                >
                  mar.
                </span>
                <span
                  class="sr-only"
                >
                  mardi
                </span>
              </th>
              <th
                scope="col"
              >
                <span
                  aria-hidden="true"
                >
                  mer.
                </span>
                <span
                  class="sr-only"
                >
                  mercredi
                </span>
              </th>
              <th
                scope="col"
              >
                <span
                  aria-hidden="true"
                >
                  jeu.
                </span>
                <span
                  class="sr-only"
                >
                  jeudi
                </span>
              </th>
              <th
                scope="col"
              >
                <span
                  aria-hidden="true"
                >
                  ven.
                </span>
                <span
                  class="sr-only"
                >
                  vendredi
                </span>
              </th>
              <th
                scope="col"
              >
                <span
                  aria-hidden="true"
                >
                  sam.
                </span>
                <span
                  class="sr-only"
                >
                  samedi
...
 ❯ waitForWrapper ../../node_modules/.pnpm/@testing-library+dom@10.4.1/node_modules/@testing-library/dom/dist/wait-for.js:163:27
 ❯ ../../node_modules/.pnpm/@testing-library+dom@10.4.1/node_modules/@testing-library/dom/dist/query-helpers.js:86:33
 ❯ choisir src/components/venue/booking-request-panel.test.tsx:93:32
     91| /** Choisir une date, comme un visiteur : le JOUR dans le calendrier, …
     92| async function choisir(date: string, creneau = /^Soirée · /): Promise<…
     93|   fireEvent.click(await screen.findByRole("button", { name: nomJour(da…
       |                                ^
     94|   fireEvent.click(await screen.findByRole("button", { name: creneau })…
     95| }
 ❯ src/components/venue/booking-request-panel.test.tsx:315:11

⎯⎯⎯⎯⎯⎯⎯⎯⎯⎯⎯⎯⎯⎯⎯⎯⎯⎯⎯⎯⎯⎯⎯[8/16]⎯

 FAIL  src/components/venue/booking-request-panel.test.tsx > Demande de réservation — l'acompte annoncé AVANT l'envoi (D81) > un acompte FIXE supérieur au prix est ÉCRÊTÉ au prix — miroir du serveur
TestingLibraryElementError: Unable to find role="button" and name "dimanche 15 août 2027, disponible"

Ignored nodes: comments, script, style
<body>
  <div>
    <section
      aria-labelledby="booking-request-heading"
      class="card"
    >
      <h2
        id="booking-request-heading"
      >
        Demander cette salle
      </h2>
      <p
        class="muted"
      >
        Choisissez une date, puis envoyez votre demande. La salle répond ; rien n'est débité maintenant.
      </p>
      <div
        class="booking-calendar"
      >
        <div
          class="cal-head"
        >
          <button
            aria-label="Mois précédent"
            class="btn btn-ghost btn-icon"
            disabled=""
            type="button"
          >
            <svg
              aria-hidden="true"
              class="lucide lucide-chevron-left"
              data-mirror-rtl=""
              fill="none"
              focusable="false"
              height="16"
              stroke="currentColor"
              stroke-linecap="round"
              stroke-linejoin="round"
              stroke-width="1.75"
              viewBox="0 0 24 24"
              width="16"
              xmlns="http://www.w3.org/2000/svg"
            >
              <path
                d="m15 18-6-6 6-6"
              />
            </svg>
          </button>
          <strong
            aria-live="polite"
            id="_r_19_"
          >
            août 2027
          </strong>
          <button
            aria-label="Mois suivant"
            class="btn btn-ghost btn-icon"
            disabled=""
            type="button"
          >
            <svg
              aria-hidden="true"
              class="lucide lucide-chevron-right"
              data-mirror-rtl=""
              fill="none"
              focusable="false"
              height="16"
              stroke="currentColor"
              stroke-linecap="round"
              stroke-linejoin="round"
              stroke-width="1.75"
              viewBox="0 0 24 24"
              width="16"
              xmlns="http://www.w3.org/2000/svg"
            >
              <path
                d="m9 18 6-6-6-6"
              />
            </svg>
          </button>
        </div>
        <table
          aria-labelledby="_r_19_"
          class="cal-grid"
          role="grid"
        >
          <thead>
            <tr>
              <th
                scope="col"
              >
                <span
                  aria-hidden="true"
                >
                  dim.
                </span>
                <span
                  class="sr-only"
                >
                  dimanche
                </span>
              </th>
              <th
                scope="col"
              >
                <span
                  aria-hidden="true"
                >
                  lun.
                </span>
                <span
                  class="sr-only"
                >
                  lundi
                </span>
              </th>
              <th
                scope="col"
              >
                <span
                  aria-hidden="true"
                >
                  mar.
                </span>
                <span
                  class="sr-only"
                >
                  mardi
                </span>
              </th>
              <th
                scope="col"
              >
                <span
                  aria-hidden="true"
                >
                  mer.
                </span>
                <span
                  class="sr-only"
                >
                  mercredi
                </span>
              </th>
              <th
                scope="col"
              >
                <span
                  aria-hidden="true"
                >
                  jeu.
                </span>
                <span
                  class="sr-only"
                >
                  jeudi
                </span>
              </th>
              <th
                scope="col"
              >
                <span
                  aria-hidden="true"
                >
                  ven.
                </span>
                <span
                  class="sr-only"
                >
                  vendredi
                </span>
              </th>
              <th
                scope="col"
              >
                <span
                  aria-hidden="true"
                >
                  sam.
                </span>
                <span
                  class="sr-only"
                >
                  samedi
...

Ignored nodes: comments, script, style
<body>
  <div>
    <section
      aria-labelledby="booking-request-heading"
      class="card"
    >
      <h2
        id="booking-request-heading"
      >
        Demander cette salle
      </h2>
      <p
        class="muted"
      >
        Choisissez une date, puis envoyez votre demande. La salle répond ; rien n'est débité maintenant.
      </p>
      <div
        class="booking-calendar"
      >
        <div
          class="cal-head"
        >
          <button
            aria-label="Mois précédent"
            class="btn btn-ghost btn-icon"
            disabled=""
            type="button"
          >
            <svg
              aria-hidden="true"
              class="lucide lucide-chevron-left"
              data-mirror-rtl=""
              fill="none"
              focusable="false"
              height="16"
              stroke="currentColor"
              stroke-linecap="round"
              stroke-linejoin="round"
              stroke-width="1.75"
              viewBox="0 0 24 24"
              width="16"
              xmlns="http://www.w3.org/2000/svg"
            >
              <path
                d="m15 18-6-6 6-6"
              />
            </svg>
          </button>
          <strong
            aria-live="polite"
            id="_r_19_"
          >
            août 2027
          </strong>
          <button
            aria-label="Mois suivant"
            class="btn btn-ghost btn-icon"
            disabled=""
            type="button"
          >
            <svg
              aria-hidden="true"
              class="lucide lucide-chevron-right"
              data-mirror-rtl=""
              fill="none"
              focusable="false"
              height="16"
              stroke="currentColor"
              stroke-linecap="round"
              stroke-linejoin="round"
              stroke-width="1.75"
              viewBox="0 0 24 24"
              width="16"
              xmlns="http://www.w3.org/2000/svg"
            >
              <path
                d="m9 18 6-6-6-6"
              />
            </svg>
          </button>
        </div>
        <table
          aria-labelledby="_r_19_"
          class="cal-grid"
          role="grid"
        >
          <thead>
            <tr>
              <th
                scope="col"
              >
                <span
                  aria-hidden="true"
                >
                  dim.
                </span>
                <span
                  class="sr-only"
                >
                  dimanche
                </span>
              </th>
              <th
                scope="col"
              >
                <span
                  aria-hidden="true"
                >
                  lun.
                </span>
                <span
                  class="sr-only"
                >
                  lundi
                </span>
              </th>
              <th
                scope="col"
              >
                <span
                  aria-hidden="true"
                >
                  mar.
                </span>
                <span
                  class="sr-only"
                >
                  mardi
                </span>
              </th>
              <th
                scope="col"
              >
                <span
                  aria-hidden="true"
                >
                  mer.
                </span>
                <span
                  class="sr-only"
                >
                  mercredi
                </span>
              </th>
              <th
                scope="col"
              >
                <span
                  aria-hidden="true"
                >
                  jeu.
                </span>
                <span
                  class="sr-only"
                >
                  jeudi
                </span>
              </th>
              <th
                scope="col"
              >
                <span
                  aria-hidden="true"
                >
                  ven.
                </span>
                <span
                  class="sr-only"
                >
                  vendredi
                </span>
              </th>
              <th
                scope="col"
              >
                <span
                  aria-hidden="true"
                >
                  sam.
                </span>
                <span
                  class="sr-only"
                >
                  samedi
...
 ❯ waitForWrapper ../../node_modules/.pnpm/@testing-library+dom@10.4.1/node_modules/@testing-library/dom/dist/wait-for.js:163:27
 ❯ ../../node_modules/.pnpm/@testing-library+dom@10.4.1/node_modules/@testing-library/dom/dist/query-helpers.js:86:33
 ❯ choisir src/components/venue/booking-request-panel.test.tsx:93:32
     91| /** Choisir une date, comme un visiteur : le JOUR dans le calendrier, …
     92| async function choisir(date: string, creneau = /^Soirée · /): Promise<…
     93|   fireEvent.click(await screen.findByRole("button", { name: nomJour(da…
       |                                ^
     94|   fireEvent.click(await screen.findByRole("button", { name: creneau })…
     95| }
 ❯ src/components/venue/booking-request-panel.test.tsx:325:11

⎯⎯⎯⎯⎯⎯⎯⎯⎯⎯⎯⎯⎯⎯⎯⎯⎯⎯⎯⎯⎯⎯⎯[9/16]⎯

 FAIL  src/components/venue/booking-request-panel.test.tsx > Demande de réservation — sans compte > les dates et les PRIX s'affichent sans session ; seul l'envoi demande de se connecter
TestingLibraryElementError: Unable to find role="button" and name "dimanche 15 août 2027, disponible"

Ignored nodes: comments, script, style
<body>
  <div>
    <section
      aria-labelledby="booking-request-heading"
      class="card"
    >
      <h2
        id="booking-request-heading"
      >
        Demander cette salle
      </h2>
      <p
        class="muted"
      >
        Choisissez une date, puis envoyez votre demande. La salle répond ; rien n'est débité maintenant.
      </p>
      <div
        class="booking-calendar"
      >
        <div
          class="cal-head"
        >
          <button
            aria-label="Mois précédent"
            class="btn btn-ghost btn-icon"
            disabled=""
            type="button"
          >
            <svg
              aria-hidden="true"
              class="lucide lucide-chevron-left"
              data-mirror-rtl=""
              fill="none"
              focusable="false"
              height="16"
              stroke="currentColor"
              stroke-linecap="round"
              stroke-linejoin="round"
              stroke-width="1.75"
              viewBox="0 0 24 24"
              width="16"
              xmlns="http://www.w3.org/2000/svg"
            >
              <path
                d="m15 18-6-6 6-6"
              />
            </svg>
          </button>
          <strong
            aria-live="polite"
            id="_r_1c_"
          >
            août 2027
          </strong>
          <button
            aria-label="Mois suivant"
            class="btn btn-ghost btn-icon"
            disabled=""
            type="button"
          >
            <svg
              aria-hidden="true"
              class="lucide lucide-chevron-right"
              data-mirror-rtl=""
              fill="none"
              focusable="false"
              height="16"
              stroke="currentColor"
              stroke-linecap="round"
              stroke-linejoin="round"
              stroke-width="1.75"
              viewBox="0 0 24 24"
              width="16"
              xmlns="http://www.w3.org/2000/svg"
            >
              <path
                d="m9 18 6-6-6-6"
              />
            </svg>
          </button>
        </div>
        <table
          aria-labelledby="_r_1c_"
          class="cal-grid"
          role="grid"
        >
          <thead>
            <tr>
              <th
                scope="col"
              >
                <span
                  aria-hidden="true"
                >
                  dim.
                </span>
                <span
                  class="sr-only"
                >
                  dimanche
                </span>
              </th>
              <th
                scope="col"
              >
                <span
                  aria-hidden="true"
                >
                  lun.
                </span>
                <span
                  class="sr-only"
                >
                  lundi
                </span>
              </th>
              <th
                scope="col"
              >
                <span
                  aria-hidden="true"
                >
                  mar.
                </span>
                <span
                  class="sr-only"
                >
                  mardi
                </span>
              </th>
              <th
                scope="col"
              >
                <span
                  aria-hidden="true"
                >
                  mer.
                </span>
                <span
                  class="sr-only"
                >
                  mercredi
                </span>
              </th>
              <th
                scope="col"
              >
                <span
                  aria-hidden="true"
                >
                  jeu.
                </span>
                <span
                  class="sr-only"
                >
                  jeudi
                </span>
              </th>
              <th
                scope="col"
              >
                <span
                  aria-hidden="true"
                >
                  ven.
                </span>
                <span
                  class="sr-only"
                >
                  vendredi
                </span>
              </th>
              <th
                scope="col"
              >
                <span
                  aria-hidden="true"
                >
                  sam.
                </span>
                <span
                  class="sr-only"
                >
                  samedi
...

Ignored nodes: comments, script, style
<body>
  <div>
    <section
      aria-labelledby="booking-request-heading"
      class="card"
    >
      <h2
        id="booking-request-heading"
      >
        Demander cette salle
      </h2>
      <p
        class="muted"
      >
        Choisissez une date, puis envoyez votre demande. La salle répond ; rien n'est débité maintenant.
      </p>
      <div
        class="booking-calendar"
      >
        <div
          class="cal-head"
        >
          <button
            aria-label="Mois précédent"
            class="btn btn-ghost btn-icon"
            disabled=""
            type="button"
          >
            <svg
              aria-hidden="true"
              class="lucide lucide-chevron-left"
              data-mirror-rtl=""
              fill="none"
              focusable="false"
              height="16"
              stroke="currentColor"
              stroke-linecap="round"
              stroke-linejoin="round"
              stroke-width="1.75"
              viewBox="0 0 24 24"
              width="16"
              xmlns="http://www.w3.org/2000/svg"
            >
              <path
                d="m15 18-6-6 6-6"
              />
            </svg>
          </button>
          <strong
            aria-live="polite"
            id="_r_1c_"
          >
            août 2027
          </strong>
          <button
            aria-label="Mois suivant"
            class="btn btn-ghost btn-icon"
            disabled=""
            type="button"
          >
            <svg
              aria-hidden="true"
              class="lucide lucide-chevron-right"
              data-mirror-rtl=""
              fill="none"
              focusable="false"
              height="16"
              stroke="currentColor"
              stroke-linecap="round"
              stroke-linejoin="round"
              stroke-width="1.75"
              viewBox="0 0 24 24"
              width="16"
              xmlns="http://www.w3.org/2000/svg"
            >
              <path
                d="m9 18 6-6-6-6"
              />
            </svg>
          </button>
        </div>
        <table
          aria-labelledby="_r_1c_"
          class="cal-grid"
          role="grid"
        >
          <thead>
            <tr>
              <th
                scope="col"
              >
                <span
                  aria-hidden="true"
                >
                  dim.
                </span>
                <span
                  class="sr-only"
                >
                  dimanche
                </span>
              </th>
              <th
                scope="col"
              >
                <span
                  aria-hidden="true"
                >
                  lun.
                </span>
                <span
                  class="sr-only"
                >
                  lundi
                </span>
              </th>
              <th
                scope="col"
              >
                <span
                  aria-hidden="true"
                >
                  mar.
                </span>
                <span
                  class="sr-only"
                >
                  mardi
                </span>
              </th>
              <th
                scope="col"
              >
                <span
                  aria-hidden="true"
                >
                  mer.
                </span>
                <span
                  class="sr-only"
                >
                  mercredi
                </span>
              </th>
              <th
                scope="col"
              >
                <span
                  aria-hidden="true"
                >
                  jeu.
                </span>
                <span
                  class="sr-only"
                >
                  jeudi
                </span>
              </th>
              <th
                scope="col"
              >
                <span
                  aria-hidden="true"
                >
                  ven.
                </span>
                <span
                  class="sr-only"
                >
                  vendredi
                </span>
              </th>
              <th
                scope="col"
              >
                <span
                  aria-hidden="true"
                >
                  sam.
                </span>
                <span
                  class="sr-only"
                >
                  samedi
...
 ❯ waitForWrapper ../../node_modules/.pnpm/@testing-library+dom@10.4.1/node_modules/@testing-library/dom/dist/wait-for.js:163:27
 ❯ ../../node_modules/.pnpm/@testing-library+dom@10.4.1/node_modules/@testing-library/dom/dist/query-helpers.js:86:33
 ❯ src/components/venue/booking-request-panel.test.tsx:336:34
    334|     stubFetch();
    335|     renderPanel();
    336|     fireEvent.click(await screen.findByRole("button", { name: nomJour(…
       |                                  ^
    337|     // Rang 29 (D321) : le PRIX se lit au créneau du jour regardé — to…
    338|     expect(screen.getByRole("button", { name: (nom) => nom.includes(fo…

⎯⎯⎯⎯⎯⎯⎯⎯⎯⎯⎯⎯⎯⎯⎯⎯⎯⎯⎯⎯⎯⎯[10/16]⎯

 FAIL  src/components/venue/booking-request-panel.test.tsx > Demande de réservation — D135 : l'e-mail est facultatif, le téléphone non > ⚠ sans e-mail, la demande PART et la clé est ABSENTE du corps
TestingLibraryElementError: Unable to find role="button" and name "dimanche 15 août 2027, disponible"

Ignored nodes: comments, script, style
<body>
  <div>
    <section
      aria-labelledby="booking-request-heading"
      class="card"
    >
      <h2
        id="booking-request-heading"
      >
        Demander cette salle
      </h2>
      <p
        class="muted"
      >
        Choisissez une date, puis envoyez votre demande. La salle répond ; rien n'est débité maintenant.
      </p>
      <div
        class="booking-calendar"
      >
        <div
          class="cal-head"
        >
          <button
            aria-label="Mois précédent"
            class="btn btn-ghost btn-icon"
            disabled=""
            type="button"
          >
            <svg
              aria-hidden="true"
              class="lucide lucide-chevron-left"
              data-mirror-rtl=""
              fill="none"
              focusable="false"
              height="16"
              stroke="currentColor"
              stroke-linecap="round"
              stroke-linejoin="round"
              stroke-width="1.75"
              viewBox="0 0 24 24"
              width="16"
              xmlns="http://www.w3.org/2000/svg"
            >
              <path
                d="m15 18-6-6 6-6"
              />
            </svg>
          </button>
          <strong
            aria-live="polite"
            id="_r_1f_"
          >
            août 2027
          </strong>
          <button
            aria-label="Mois suivant"
            class="btn btn-ghost btn-icon"
            disabled=""
            type="button"
          >
            <svg
              aria-hidden="true"
              class="lucide lucide-chevron-right"
              data-mirror-rtl=""
              fill="none"
              focusable="false"
              height="16"
              stroke="currentColor"
              stroke-linecap="round"
              stroke-linejoin="round"
              stroke-width="1.75"
              viewBox="0 0 24 24"
              width="16"
              xmlns="http://www.w3.org/2000/svg"
            >
              <path
                d="m9 18 6-6-6-6"
              />
            </svg>
          </button>
        </div>
        <table
          aria-labelledby="_r_1f_"
          class="cal-grid"
          role="grid"
        >
          <thead>
            <tr>
              <th
                scope="col"
              >
                <span
                  aria-hidden="true"
                >
                  dim.
                </span>
                <span
                  class="sr-only"
                >
                  dimanche
                </span>
              </th>
              <th
                scope="col"
              >
                <span
                  aria-hidden="true"
                >
                  lun.
                </span>
                <span
                  class="sr-only"
                >
                  lundi
                </span>
              </th>
              <th
                scope="col"
              >
                <span
                  aria-hidden="true"
                >
                  mar.
                </span>
                <span
                  class="sr-only"
                >
                  mardi
                </span>
              </th>
              <th
                scope="col"
              >
                <span
                  aria-hidden="true"
                >
                  mer.
                </span>
                <span
                  class="sr-only"
                >
                  mercredi
                </span>
              </th>
              <th
                scope="col"
              >
                <span
                  aria-hidden="true"
                >
                  jeu.
                </span>
                <span
                  class="sr-only"
                >
                  jeudi
                </span>
              </th>
              <th
                scope="col"
              >
                <span
                  aria-hidden="true"
                >
                  ven.
                </span>
                <span
                  class="sr-only"
                >
                  vendredi
                </span>
              </th>
              <th
                scope="col"
              >
                <span
                  aria-hidden="true"
                >
                  sam.
                </span>
                <span
                  class="sr-only"
                >
                  samedi
...

Ignored nodes: comments, script, style
<body>
  <div>
    <section
      aria-labelledby="booking-request-heading"
      class="card"
    >
      <h2
        id="booking-request-heading"
      >
        Demander cette salle
      </h2>
      <p
        class="muted"
      >
        Choisissez une date, puis envoyez votre demande. La salle répond ; rien n'est débité maintenant.
      </p>
      <div
        class="booking-calendar"
      >
        <div
          class="cal-head"
        >
          <button
            aria-label="Mois précédent"
            class="btn btn-ghost btn-icon"
            disabled=""
            type="button"
          >
            <svg
              aria-hidden="true"
              class="lucide lucide-chevron-left"
              data-mirror-rtl=""
              fill="none"
              focusable="false"
              height="16"
              stroke="currentColor"
              stroke-linecap="round"
              stroke-linejoin="round"
              stroke-width="1.75"
              viewBox="0 0 24 24"
              width="16"
              xmlns="http://www.w3.org/2000/svg"
            >
              <path
                d="m15 18-6-6 6-6"
              />
            </svg>
          </button>
          <strong
            aria-live="polite"
            id="_r_1f_"
          >
            août 2027
          </strong>
          <button
            aria-label="Mois suivant"
            class="btn btn-ghost btn-icon"
            disabled=""
            type="button"
          >
            <svg
              aria-hidden="true"
              class="lucide lucide-chevron-right"
              data-mirror-rtl=""
              fill="none"
              focusable="false"
              height="16"
              stroke="currentColor"
              stroke-linecap="round"
              stroke-linejoin="round"
              stroke-width="1.75"
              viewBox="0 0 24 24"
              width="16"
              xmlns="http://www.w3.org/2000/svg"
            >
              <path
                d="m9 18 6-6-6-6"
              />
            </svg>
          </button>
        </div>
        <table
          aria-labelledby="_r_1f_"
          class="cal-grid"
          role="grid"
        >
          <thead>
            <tr>
              <th
                scope="col"
              >
                <span
                  aria-hidden="true"
                >
                  dim.
                </span>
                <span
                  class="sr-only"
                >
                  dimanche
                </span>
              </th>
              <th
                scope="col"
              >
                <span
                  aria-hidden="true"
                >
                  lun.
                </span>
                <span
                  class="sr-only"
                >
                  lundi
                </span>
              </th>
              <th
                scope="col"
              >
                <span
                  aria-hidden="true"
                >
                  mar.
                </span>
                <span
                  class="sr-only"
                >
                  mardi
                </span>
              </th>
              <th
                scope="col"
              >
                <span
                  aria-hidden="true"
                >
                  mer.
                </span>
                <span
                  class="sr-only"
                >
                  mercredi
                </span>
              </th>
              <th
                scope="col"
              >
                <span
                  aria-hidden="true"
                >
                  jeu.
                </span>
                <span
                  class="sr-only"
                >
                  jeudi
                </span>
              </th>
              <th
                scope="col"
              >
                <span
                  aria-hidden="true"
                >
                  ven.
                </span>
                <span
                  class="sr-only"
                >
                  vendredi
                </span>
              </th>
              <th
                scope="col"
              >
                <span
                  aria-hidden="true"
                >
                  sam.
                </span>
                <span
                  class="sr-only"
                >
                  samedi
...
 ❯ waitForWrapper ../../node_modules/.pnpm/@testing-library+dom@10.4.1/node_modules/@testing-library/dom/dist/wait-for.js:163:27
 ❯ ../../node_modules/.pnpm/@testing-library+dom@10.4.1/node_modules/@testing-library/dom/dist/query-helpers.js:86:33
 ❯ choisir src/components/venue/booking-request-panel.test.tsx:93:32
     91| /** Choisir une date, comme un visiteur : le JOUR dans le calendrier, …
     92| async function choisir(date: string, creneau = /^Soirée · /): Promise<…
     93|   fireEvent.click(await screen.findByRole("button", { name: nomJour(da…
       |                                ^
     94|   fireEvent.click(await screen.findByRole("button", { name: creneau })…
     95| }
 ❯ remplir src/components/venue/booking-request-panel.test.tsx:372:11
 ❯ src/components/venue/booking-request-panel.test.tsx:381:11

⎯⎯⎯⎯⎯⎯⎯⎯⎯⎯⎯⎯⎯⎯⎯⎯⎯⎯⎯⎯⎯⎯[11/16]⎯

 FAIL  src/components/venue/booking-request-panel.test.tsx > Demande de réservation — D135 : l'e-mail est facultatif, le téléphone non > avec un e-mail, il est transmis tel quel
TestingLibraryElementError: Unable to find role="button" and name "dimanche 15 août 2027, disponible"

Ignored nodes: comments, script, style
<body>
  <div>
    <section
      aria-labelledby="booking-request-heading"
      class="card"
    >
      <h2
        id="booking-request-heading"
      >
        Demander cette salle
      </h2>
      <p
        class="muted"
      >
        Choisissez une date, puis envoyez votre demande. La salle répond ; rien n'est débité maintenant.
      </p>
      <div
        class="booking-calendar"
      >
        <div
          class="cal-head"
        >
          <button
            aria-label="Mois précédent"
            class="btn btn-ghost btn-icon"
            disabled=""
            type="button"
          >
            <svg
              aria-hidden="true"
              class="lucide lucide-chevron-left"
              data-mirror-rtl=""
              fill="none"
              focusable="false"
              height="16"
              stroke="currentColor"
              stroke-linecap="round"
              stroke-linejoin="round"
              stroke-width="1.75"
              viewBox="0 0 24 24"
              width="16"
              xmlns="http://www.w3.org/2000/svg"
            >
              <path
                d="m15 18-6-6 6-6"
              />
            </svg>
          </button>
          <strong
            aria-live="polite"
            id="_r_1n_"
          >
            août 2027
          </strong>
          <button
            aria-label="Mois suivant"
            class="btn btn-ghost btn-icon"
            disabled=""
            type="button"
          >
            <svg
              aria-hidden="true"
              class="lucide lucide-chevron-right"
              data-mirror-rtl=""
              fill="none"
              focusable="false"
              height="16"
              stroke="currentColor"
              stroke-linecap="round"
              stroke-linejoin="round"
              stroke-width="1.75"
              viewBox="0 0 24 24"
              width="16"
              xmlns="http://www.w3.org/2000/svg"
            >
              <path
                d="m9 18 6-6-6-6"
              />
            </svg>
          </button>
        </div>
        <table
          aria-labelledby="_r_1n_"
          class="cal-grid"
          role="grid"
        >
          <thead>
            <tr>
              <th
                scope="col"
              >
                <span
                  aria-hidden="true"
                >
                  dim.
                </span>
                <span
                  class="sr-only"
                >
                  dimanche
                </span>
              </th>
              <th
                scope="col"
              >
                <span
                  aria-hidden="true"
                >
                  lun.
                </span>
                <span
                  class="sr-only"
                >
                  lundi
                </span>
              </th>
              <th
                scope="col"
              >
                <span
                  aria-hidden="true"
                >
                  mar.
                </span>
                <span
                  class="sr-only"
                >
                  mardi
                </span>
              </th>
              <th
                scope="col"
              >
                <span
                  aria-hidden="true"
                >
                  mer.
                </span>
                <span
                  class="sr-only"
                >
                  mercredi
                </span>
              </th>
              <th
                scope="col"
              >
                <span
                  aria-hidden="true"
                >
                  jeu.
                </span>
                <span
                  class="sr-only"
                >
                  jeudi
                </span>
              </th>
              <th
                scope="col"
              >
                <span
                  aria-hidden="true"
                >
                  ven.
                </span>
                <span
                  class="sr-only"
                >
                  vendredi
                </span>
              </th>
              <th
                scope="col"
              >
                <span
                  aria-hidden="true"
                >
                  sam.
                </span>
                <span
                  class="sr-only"
                >
                  samedi
...

Ignored nodes: comments, script, style
<body>
  <div>
    <section
      aria-labelledby="booking-request-heading"
      class="card"
    >
      <h2
        id="booking-request-heading"
      >
        Demander cette salle
      </h2>
      <p
        class="muted"
      >
        Choisissez une date, puis envoyez votre demande. La salle répond ; rien n'est débité maintenant.
      </p>
      <div
        class="booking-calendar"
      >
        <div
          class="cal-head"
        >
          <button
            aria-label="Mois précédent"
            class="btn btn-ghost btn-icon"
            disabled=""
            type="button"
          >
            <svg
              aria-hidden="true"
              class="lucide lucide-chevron-left"
              data-mirror-rtl=""
              fill="none"
              focusable="false"
              height="16"
              stroke="currentColor"
              stroke-linecap="round"
              stroke-linejoin="round"
              stroke-width="1.75"
              viewBox="0 0 24 24"
              width="16"
              xmlns="http://www.w3.org/2000/svg"
            >
              <path
                d="m15 18-6-6 6-6"
              />
            </svg>
          </button>
          <strong
            aria-live="polite"
            id="_r_1n_"
          >
            août 2027
          </strong>
          <button
            aria-label="Mois suivant"
            class="btn btn-ghost btn-icon"
            disabled=""
            type="button"
          >
            <svg
              aria-hidden="true"
              class="lucide lucide-chevron-right"
              data-mirror-rtl=""
              fill="none"
              focusable="false"
              height="16"
              stroke="currentColor"
              stroke-linecap="round"
              stroke-linejoin="round"
              stroke-width="1.75"
              viewBox="0 0 24 24"
              width="16"
              xmlns="http://www.w3.org/2000/svg"
            >
              <path
                d="m9 18 6-6-6-6"
              />
            </svg>
          </button>
        </div>
        <table
          aria-labelledby="_r_1n_"
          class="cal-grid"
          role="grid"
        >
          <thead>
            <tr>
              <th
                scope="col"
              >
                <span
                  aria-hidden="true"
                >
                  dim.
                </span>
                <span
                  class="sr-only"
                >
                  dimanche
                </span>
              </th>
              <th
                scope="col"
              >
                <span
                  aria-hidden="true"
                >
                  lun.
                </span>
                <span
                  class="sr-only"
                >
                  lundi
                </span>
              </th>
              <th
                scope="col"
              >
                <span
                  aria-hidden="true"
                >
                  mar.
                </span>
                <span
                  class="sr-only"
                >
                  mardi
                </span>
              </th>
              <th
                scope="col"
              >
                <span
                  aria-hidden="true"
                >
                  mer.
                </span>
                <span
                  class="sr-only"
                >
                  mercredi
                </span>
              </th>
              <th
                scope="col"
              >
                <span
                  aria-hidden="true"
                >
                  jeu.
                </span>
                <span
                  class="sr-only"
                >
                  jeudi
                </span>
              </th>
              <th
                scope="col"
              >
                <span
                  aria-hidden="true"
                >
                  ven.
                </span>
                <span
                  class="sr-only"
                >
                  vendredi
                </span>
              </th>
              <th
                scope="col"
              >
                <span
                  aria-hidden="true"
                >
                  sam.
                </span>
                <span
                  class="sr-only"
                >
                  samedi
...
 ❯ waitForWrapper ../../node_modules/.pnpm/@testing-library+dom@10.4.1/node_modules/@testing-library/dom/dist/wait-for.js:163:27
 ❯ ../../node_modules/.pnpm/@testing-library+dom@10.4.1/node_modules/@testing-library/dom/dist/query-helpers.js:86:33
 ❯ choisir src/components/venue/booking-request-panel.test.tsx:93:32
     91| /** Choisir une date, comme un visiteur : le JOUR dans le calendrier, …
     92| async function choisir(date: string, creneau = /^Soirée · /): Promise<…
     93|   fireEvent.click(await screen.findByRole("button", { name: nomJour(da…
       |                                ^
     94|   fireEvent.click(await screen.findByRole("button", { name: creneau })…
     95| }
 ❯ remplir src/components/venue/booking-request-panel.test.tsx:372:11
 ❯ src/components/venue/booking-request-panel.test.tsx:401:11

⎯⎯⎯⎯⎯⎯⎯⎯⎯⎯⎯⎯⎯⎯⎯⎯⎯⎯⎯⎯⎯⎯[12/16]⎯

 FAIL  src/components/venue/booking-request-panel.test.tsx > Prestations — E2d > une salle SANS catalogue n'affiche aucun bloc vide
TestingLibraryElementError: Unable to find role="button" and name "dimanche 15 août 2027, disponible"

Ignored nodes: comments, script, style
<body>
  <div>
    <section
      aria-labelledby="booking-request-heading"
      class="card"
    >
      <h2
        id="booking-request-heading"
      >
        Demander cette salle
      </h2>
      <p
        class="muted"
      >
        Choisissez une date, puis envoyez votre demande. La salle répond ; rien n'est débité maintenant.
      </p>
      <div
        class="booking-calendar"
      >
        <div
          class="cal-head"
        >
          <button
            aria-label="Mois précédent"
            class="btn btn-ghost btn-icon"
            disabled=""
            type="button"
          >
            <svg
              aria-hidden="true"
              class="lucide lucide-chevron-left"
              data-mirror-rtl=""
              fill="none"
              focusable="false"
              height="16"
              stroke="currentColor"
              stroke-linecap="round"
              stroke-linejoin="round"
              stroke-width="1.75"
              viewBox="0 0 24 24"
              width="16"
              xmlns="http://www.w3.org/2000/svg"
            >
              <path
                d="m15 18-6-6 6-6"
              />
            </svg>
          </button>
          <strong
            aria-live="polite"
            id="_r_27_"
          >
            août 2027
          </strong>
          <button
            aria-label="Mois suivant"
            class="btn btn-ghost btn-icon"
            disabled=""
            type="button"
          >
            <svg
              aria-hidden="true"
              class="lucide lucide-chevron-right"
              data-mirror-rtl=""
              fill="none"
              focusable="false"
              height="16"
              stroke="currentColor"
              stroke-linecap="round"
              stroke-linejoin="round"
              stroke-width="1.75"
              viewBox="0 0 24 24"
              width="16"
              xmlns="http://www.w3.org/2000/svg"
            >
              <path
                d="m9 18 6-6-6-6"
              />
            </svg>
          </button>
        </div>
        <table
          aria-labelledby="_r_27_"
          class="cal-grid"
          role="grid"
        >
          <thead>
            <tr>
              <th
                scope="col"
              >
                <span
                  aria-hidden="true"
                >
                  dim.
                </span>
                <span
                  class="sr-only"
                >
                  dimanche
                </span>
              </th>
              <th
                scope="col"
              >
                <span
                  aria-hidden="true"
                >
                  lun.
                </span>
                <span
                  class="sr-only"
                >
                  lundi
                </span>
              </th>
              <th
                scope="col"
              >
                <span
                  aria-hidden="true"
                >
                  mar.
                </span>
                <span
                  class="sr-only"
                >
                  mardi
                </span>
              </th>
              <th
                scope="col"
              >
                <span
                  aria-hidden="true"
                >
                  mer.
                </span>
                <span
                  class="sr-only"
                >
                  mercredi
                </span>
              </th>
              <th
                scope="col"
              >
                <span
                  aria-hidden="true"
                >
                  jeu.
                </span>
                <span
                  class="sr-only"
                >
                  jeudi
                </span>
              </th>
              <th
                scope="col"
              >
                <span
                  aria-hidden="true"
                >
                  ven.
                </span>
                <span
                  class="sr-only"
                >
                  vendredi
                </span>
              </th>
              <th
                scope="col"
              >
                <span
                  aria-hidden="true"
                >
                  sam.
                </span>
                <span
                  class="sr-only"
                >
                  samedi
...

Ignored nodes: comments, script, style
<body>
  <div>
    <section
      aria-labelledby="booking-request-heading"
      class="card"
    >
      <h2
        id="booking-request-heading"
      >
        Demander cette salle
      </h2>
      <p
        class="muted"
      >
        Choisissez une date, puis envoyez votre demande. La salle répond ; rien n'est débité maintenant.
      </p>
      <div
        class="booking-calendar"
      >
        <div
          class="cal-head"
        >
          <button
            aria-label="Mois précédent"
            class="btn btn-ghost btn-icon"
            disabled=""
            type="button"
          >
            <svg
              aria-hidden="true"
              class="lucide lucide-chevron-left"
              data-mirror-rtl=""
              fill="none"
              focusable="false"
              height="16"
              stroke="currentColor"
              stroke-linecap="round"
              stroke-linejoin="round"
              stroke-width="1.75"
              viewBox="0 0 24 24"
              width="16"
              xmlns="http://www.w3.org/2000/svg"
            >
              <path
                d="m15 18-6-6 6-6"
              />
            </svg>
          </button>
          <strong
            aria-live="polite"
            id="_r_27_"
          >
            août 2027
          </strong>
          <button
            aria-label="Mois suivant"
            class="btn btn-ghost btn-icon"
            disabled=""
            type="button"
          >
            <svg
              aria-hidden="true"
              class="lucide lucide-chevron-right"
              data-mirror-rtl=""
              fill="none"
              focusable="false"
              height="16"
              stroke="currentColor"
              stroke-linecap="round"
              stroke-linejoin="round"
              stroke-width="1.75"
              viewBox="0 0 24 24"
              width="16"
              xmlns="http://www.w3.org/2000/svg"
            >
              <path
                d="m9 18 6-6-6-6"
              />
            </svg>
          </button>
        </div>
        <table
          aria-labelledby="_r_27_"
          class="cal-grid"
          role="grid"
        >
          <thead>
            <tr>
              <th
                scope="col"
              >
                <span
                  aria-hidden="true"
                >
                  dim.
                </span>
                <span
                  class="sr-only"
                >
                  dimanche
                </span>
              </th>
              <th
                scope="col"
              >
                <span
                  aria-hidden="true"
                >
                  lun.
                </span>
                <span
                  class="sr-only"
                >
                  lundi
                </span>
              </th>
              <th
                scope="col"
              >
                <span
                  aria-hidden="true"
                >
                  mar.
                </span>
                <span
                  class="sr-only"
                >
                  mardi
                </span>
              </th>
              <th
                scope="col"
              >
                <span
                  aria-hidden="true"
                >
                  mer.
                </span>
                <span
                  class="sr-only"
                >
                  mercredi
                </span>
              </th>
              <th
                scope="col"
              >
                <span
                  aria-hidden="true"
                >
                  jeu.
                </span>
                <span
                  class="sr-only"
                >
                  jeudi
                </span>
              </th>
              <th
                scope="col"
              >
                <span
                  aria-hidden="true"
                >
                  ven.
                </span>
                <span
                  class="sr-only"
                >
                  vendredi
                </span>
              </th>
              <th
                scope="col"
              >
                <span
                  aria-hidden="true"
                >
                  sam.
                </span>
                <span
                  class="sr-only"
                >
                  samedi
...
 ❯ waitForWrapper ../../node_modules/.pnpm/@testing-library+dom@10.4.1/node_modules/@testing-library/dom/dist/wait-for.js:163:27
 ❯ ../../node_modules/.pnpm/@testing-library+dom@10.4.1/node_modules/@testing-library/dom/dist/query-helpers.js:86:33
 ❯ src/components/venue/booking-request-panel.test.tsx:459:18
    457|     stubFetch();
    458|     renderPanel();
    459|     await screen.findByRole("button", { name: nomJour("2027-08-15") });
       |                  ^
    460|     expect(screen.queryByText("Prestations en plus")).toBeNull();
    461|   });

⎯⎯⎯⎯⎯⎯⎯⎯⎯⎯⎯⎯⎯⎯⎯⎯⎯⎯⎯⎯⎯⎯[13/16]⎯

 FAIL  src/components/venue/booking-request-panel.test.tsx > Prestations — E2d > PER_GUEST : le total suit le nombre d'INVITÉS, pas une quantité saisie
TestingLibraryElementError: Unable to find role="button" and name "dimanche 15 août 2027, disponible"

Ignored nodes: comments, script, style
<body>
  <div>
    <section
      aria-labelledby="booking-request-heading"
      class="card"
    >
      <h2
        id="booking-request-heading"
      >
        Demander cette salle
      </h2>
      <p
        class="muted"
      >
        Choisissez une date, puis envoyez votre demande. La salle répond ; rien n'est débité maintenant.
      </p>
      <div
        class="booking-calendar"
      >
        <div
          class="cal-head"
        >
          <button
            aria-label="Mois précédent"
            class="btn btn-ghost btn-icon"
            disabled=""
            type="button"
          >
            <svg
              aria-hidden="true"
              class="lucide lucide-chevron-left"
              data-mirror-rtl=""
              fill="none"
              focusable="false"
              height="16"
              stroke="currentColor"
              stroke-linecap="round"
              stroke-linejoin="round"
              stroke-width="1.75"
              viewBox="0 0 24 24"
              width="16"
              xmlns="http://www.w3.org/2000/svg"
            >
              <path
                d="m15 18-6-6 6-6"
              />
            </svg>
          </button>
          <strong
            aria-live="polite"
            id="_r_2a_"
          >
            août 2027
          </strong>
          <button
            aria-label="Mois suivant"
            class="btn btn-ghost btn-icon"
            disabled=""
            type="button"
          >
            <svg
              aria-hidden="true"
              class="lucide lucide-chevron-right"
              data-mirror-rtl=""
              fill="none"
              focusable="false"
              height="16"
              stroke="currentColor"
              stroke-linecap="round"
              stroke-linejoin="round"
              stroke-width="1.75"
              viewBox="0 0 24 24"
              width="16"
              xmlns="http://www.w3.org/2000/svg"
            >
              <path
                d="m9 18 6-6-6-6"
              />
            </svg>
          </button>
        </div>
        <table
          aria-labelledby="_r_2a_"
          class="cal-grid"
          role="grid"
        >
          <thead>
            <tr>
              <th
                scope="col"
              >
                <span
                  aria-hidden="true"
                >
                  dim.
                </span>
                <span
                  class="sr-only"
                >
                  dimanche
                </span>
              </th>
              <th
                scope="col"
              >
                <span
                  aria-hidden="true"
                >
                  lun.
                </span>
                <span
                  class="sr-only"
                >
                  lundi
                </span>
              </th>
              <th
                scope="col"
              >
                <span
                  aria-hidden="true"
                >
                  mar.
                </span>
                <span
                  class="sr-only"
                >
                  mardi
                </span>
              </th>
              <th
                scope="col"
              >
                <span
                  aria-hidden="true"
                >
                  mer.
                </span>
                <span
                  class="sr-only"
                >
                  mercredi
                </span>
              </th>
              <th
                scope="col"
              >
                <span
                  aria-hidden="true"
                >
                  jeu.
                </span>
                <span
                  class="sr-only"
                >
                  jeudi
                </span>
              </th>
              <th
                scope="col"
              >
                <span
                  aria-hidden="true"
                >
                  ven.
                </span>
                <span
                  class="sr-only"
                >
                  vendredi
                </span>
              </th>
              <th
                scope="col"
              >
                <span
                  aria-hidden="true"
                >
                  sam.
                </span>
                <span
                  class="sr-only"
                >
                  samedi
...

Ignored nodes: comments, script, style
<body>
  <div>
    <section
      aria-labelledby="booking-request-heading"
      class="card"
    >
      <h2
        id="booking-request-heading"
      >
        Demander cette salle
      </h2>
      <p
        class="muted"
      >
        Choisissez une date, puis envoyez votre demande. La salle répond ; rien n'est débité maintenant.
      </p>
      <div
        class="booking-calendar"
      >
        <div
          class="cal-head"
        >
          <button
            aria-label="Mois précédent"
            class="btn btn-ghost btn-icon"
            disabled=""
            type="button"
          >
            <svg
              aria-hidden="true"
              class="lucide lucide-chevron-left"
              data-mirror-rtl=""
              fill="none"
              focusable="false"
              height="16"
              stroke="currentColor"
              stroke-linecap="round"
              stroke-linejoin="round"
              stroke-width="1.75"
              viewBox="0 0 24 24"
              width="16"
              xmlns="http://www.w3.org/2000/svg"
            >
              <path
                d="m15 18-6-6 6-6"
              />
            </svg>
          </button>
          <strong
            aria-live="polite"
            id="_r_2a_"
          >
            août 2027
          </strong>
          <button
            aria-label="Mois suivant"
            class="btn btn-ghost btn-icon"
            disabled=""
            type="button"
          >
            <svg
              aria-hidden="true"
              class="lucide lucide-chevron-right"
              data-mirror-rtl=""
              fill="none"
              focusable="false"
              height="16"
              stroke="currentColor"
              stroke-linecap="round"
              stroke-linejoin="round"
              stroke-width="1.75"
              viewBox="0 0 24 24"
              width="16"
              xmlns="http://www.w3.org/2000/svg"
            >
              <path
                d="m9 18 6-6-6-6"
              />
            </svg>
          </button>
        </div>
        <table
          aria-labelledby="_r_2a_"
          class="cal-grid"
          role="grid"
        >
          <thead>
            <tr>
              <th
                scope="col"
              >
                <span
                  aria-hidden="true"
                >
                  dim.
                </span>
                <span
                  class="sr-only"
                >
                  dimanche
                </span>
              </th>
              <th
                scope="col"
              >
                <span
                  aria-hidden="true"
                >
                  lun.
                </span>
                <span
                  class="sr-only"
                >
                  lundi
                </span>
              </th>
              <th
                scope="col"
              >
                <span
                  aria-hidden="true"
                >
                  mar.
                </span>
                <span
                  class="sr-only"
                >
                  mardi
                </span>
              </th>
              <th
                scope="col"
              >
                <span
                  aria-hidden="true"
                >
                  mer.
                </span>
                <span
                  class="sr-only"
                >
                  mercredi
                </span>
              </th>
              <th
                scope="col"
              >
                <span
                  aria-hidden="true"
                >
                  jeu.
                </span>
                <span
                  class="sr-only"
                >
                  jeudi
                </span>
              </th>
              <th
                scope="col"
              >
                <span
                  aria-hidden="true"
                >
                  ven.
                </span>
                <span
                  class="sr-only"
                >
                  vendredi
                </span>
              </th>
              <th
                scope="col"
              >
                <span
                  aria-hidden="true"
                >
                  sam.
                </span>
                <span
                  class="sr-only"
                >
                  samedi
...
 ❯ waitForWrapper ../../node_modules/.pnpm/@testing-library+dom@10.4.1/node_modules/@testing-library/dom/dist/wait-for.js:163:27
 ❯ ../../node_modules/.pnpm/@testing-library+dom@10.4.1/node_modules/@testing-library/dom/dist/query-helpers.js:86:33
 ❯ choisir src/components/venue/booking-request-panel.test.tsx:93:32
     91| /** Choisir une date, comme un visiteur : le JOUR dans le calendrier, …
     92| async function choisir(date: string, creneau = /^Soirée · /): Promise<…
     93|   fireEvent.click(await screen.findByRole("button", { name: nomJour(da…
       |                                ^
     94|   fireEvent.click(await screen.findByRole("button", { name: creneau })…
     95| }
 ❯ src/components/venue/booking-request-panel.test.tsx:466:11

⎯⎯⎯⎯⎯⎯⎯⎯⎯⎯⎯⎯⎯⎯⎯⎯⎯⎯⎯⎯⎯⎯[14/16]⎯

 FAIL  src/components/venue/booking-request-panel.test.tsx > Prestations — E2d > l'ACOMPTE suit le total prestations comprises
TestingLibraryElementError: Unable to find role="button" and name "dimanche 15 août 2027, disponible"

Ignored nodes: comments, script, style
<body>
  <div>
    <section
      aria-labelledby="booking-request-heading"
      class="card"
    >
      <h2
        id="booking-request-heading"
      >
        Demander cette salle
      </h2>
      <p
        class="muted"
      >
        Choisissez une date, puis envoyez votre demande. La salle répond ; rien n'est débité maintenant.
      </p>
      <div
        class="booking-calendar"
      >
        <div
          class="cal-head"
        >
          <button
            aria-label="Mois précédent"
            class="btn btn-ghost btn-icon"
            disabled=""
            type="button"
          >
            <svg
              aria-hidden="true"
              class="lucide lucide-chevron-left"
              data-mirror-rtl=""
              fill="none"
              focusable="false"
              height="16"
              stroke="currentColor"
              stroke-linecap="round"
              stroke-linejoin="round"
              stroke-width="1.75"
              viewBox="0 0 24 24"
              width="16"
              xmlns="http://www.w3.org/2000/svg"
            >
              <path
                d="m15 18-6-6 6-6"
              />
            </svg>
          </button>
          <strong
            aria-live="polite"
            id="_r_2d_"
          >
            août 2027
          </strong>
          <button
            aria-label="Mois suivant"
            class="btn btn-ghost btn-icon"
            disabled=""
            type="button"
          >
            <svg
              aria-hidden="true"
              class="lucide lucide-chevron-right"
              data-mirror-rtl=""
              fill="none"
              focusable="false"
              height="16"
              stroke="currentColor"
              stroke-linecap="round"
              stroke-linejoin="round"
              stroke-width="1.75"
              viewBox="0 0 24 24"
              width="16"
              xmlns="http://www.w3.org/2000/svg"
            >
              <path
                d="m9 18 6-6-6-6"
              />
            </svg>
          </button>
        </div>
        <table
          aria-labelledby="_r_2d_"
          class="cal-grid"
          role="grid"
        >
          <thead>
            <tr>
              <th
                scope="col"
              >
                <span
                  aria-hidden="true"
                >
                  dim.
                </span>
                <span
                  class="sr-only"
                >
                  dimanche
                </span>
              </th>
              <th
                scope="col"
              >
                <span
                  aria-hidden="true"
                >
                  lun.
                </span>
                <span
                  class="sr-only"
                >
                  lundi
                </span>
              </th>
              <th
                scope="col"
              >
                <span
                  aria-hidden="true"
                >
                  mar.
                </span>
                <span
                  class="sr-only"
                >
                  mardi
                </span>
              </th>
              <th
                scope="col"
              >
                <span
                  aria-hidden="true"
                >
                  mer.
                </span>
                <span
                  class="sr-only"
                >
                  mercredi
                </span>
              </th>
              <th
                scope="col"
              >
                <span
                  aria-hidden="true"
                >
                  jeu.
                </span>
                <span
                  class="sr-only"
                >
                  jeudi
                </span>
              </th>
              <th
                scope="col"
              >
                <span
                  aria-hidden="true"
                >
                  ven.
                </span>
                <span
                  class="sr-only"
                >
                  vendredi
                </span>
              </th>
              <th
                scope="col"
              >
                <span
                  aria-hidden="true"
                >
                  sam.
                </span>
                <span
                  class="sr-only"
                >
                  samedi
...

Ignored nodes: comments, script, style
<body>
  <div>
    <section
      aria-labelledby="booking-request-heading"
      class="card"
    >
      <h2
        id="booking-request-heading"
      >
        Demander cette salle
      </h2>
      <p
        class="muted"
      >
        Choisissez une date, puis envoyez votre demande. La salle répond ; rien n'est débité maintenant.
      </p>
      <div
        class="booking-calendar"
      >
        <div
          class="cal-head"
        >
          <button
            aria-label="Mois précédent"
            class="btn btn-ghost btn-icon"
            disabled=""
            type="button"
          >
            <svg
              aria-hidden="true"
              class="lucide lucide-chevron-left"
              data-mirror-rtl=""
              fill="none"
              focusable="false"
              height="16"
              stroke="currentColor"
              stroke-linecap="round"
              stroke-linejoin="round"
              stroke-width="1.75"
              viewBox="0 0 24 24"
              width="16"
              xmlns="http://www.w3.org/2000/svg"
            >
              <path
                d="m15 18-6-6 6-6"
              />
            </svg>
          </button>
          <strong
            aria-live="polite"
            id="_r_2d_"
          >
            août 2027
          </strong>
          <button
            aria-label="Mois suivant"
            class="btn btn-ghost btn-icon"
            disabled=""
            type="button"
          >
            <svg
              aria-hidden="true"
              class="lucide lucide-chevron-right"
              data-mirror-rtl=""
              fill="none"
              focusable="false"
              height="16"
              stroke="currentColor"
              stroke-linecap="round"
              stroke-linejoin="round"
              stroke-width="1.75"
              viewBox="0 0 24 24"
              width="16"
              xmlns="http://www.w3.org/2000/svg"
            >
              <path
                d="m9 18 6-6-6-6"
              />
            </svg>
          </button>
        </div>
        <table
          aria-labelledby="_r_2d_"
          class="cal-grid"
          role="grid"
        >
          <thead>
            <tr>
              <th
                scope="col"
              >
                <span
                  aria-hidden="true"
                >
                  dim.
                </span>
                <span
                  class="sr-only"
                >
                  dimanche
                </span>
              </th>
              <th
                scope="col"
              >
                <span
                  aria-hidden="true"
                >
                  lun.
                </span>
                <span
                  class="sr-only"
                >
                  lundi
                </span>
              </th>
              <th
                scope="col"
              >
                <span
                  aria-hidden="true"
                >
                  mar.
                </span>
                <span
                  class="sr-only"
                >
                  mardi
                </span>
              </th>
              <th
                scope="col"
              >
                <span
                  aria-hidden="true"
                >
                  mer.
                </span>
                <span
                  class="sr-only"
                >
                  mercredi
                </span>
              </th>
              <th
                scope="col"
              >
                <span
                  aria-hidden="true"
                >
                  jeu.
                </span>
                <span
                  class="sr-only"
                >
                  jeudi
                </span>
              </th>
              <th
                scope="col"
              >
                <span
                  aria-hidden="true"
                >
                  ven.
                </span>
                <span
                  class="sr-only"
                >
                  vendredi
                </span>
              </th>
              <th
                scope="col"
              >
                <span
                  aria-hidden="true"
                >
                  sam.
                </span>
                <span
                  class="sr-only"
                >
                  samedi
...
 ❯ waitForWrapper ../../node_modules/.pnpm/@testing-library+dom@10.4.1/node_modules/@testing-library/dom/dist/wait-for.js:163:27
 ❯ ../../node_modules/.pnpm/@testing-library+dom@10.4.1/node_modules/@testing-library/dom/dist/query-helpers.js:86:33
 ❯ choisir src/components/venue/booking-request-panel.test.tsx:93:32
     91| /** Choisir une date, comme un visiteur : le JOUR dans le calendrier, …
     92| async function choisir(date: string, creneau = /^Soirée · /): Promise<…
     93|   fireEvent.click(await screen.findByRole("button", { name: nomJour(da…
       |                                ^
     94|   fireEvent.click(await screen.findByRole("button", { name: creneau })…
     95| }
 ❯ src/components/venue/booking-request-panel.test.tsx:478:11

⎯⎯⎯⎯⎯⎯⎯⎯⎯⎯⎯⎯⎯⎯⎯⎯⎯⎯⎯⎯⎯⎯[15/16]⎯

 FAIL  src/components/venue/booking-request-panel.test.tsx > Prestations — E2d > décocher retire la prestation du total
TestingLibraryElementError: Unable to find role="button" and name "dimanche 15 août 2027, disponible"

Ignored nodes: comments, script, style
<body>
  <div>
    <section
      aria-labelledby="booking-request-heading"
      class="card"
    >
      <h2
        id="booking-request-heading"
      >
        Demander cette salle
      </h2>
      <p
        class="muted"
      >
        Choisissez une date, puis envoyez votre demande. La salle répond ; rien n'est débité maintenant.
      </p>
      <div
        class="booking-calendar"
      >
        <div
          class="cal-head"
        >
          <button
            aria-label="Mois précédent"
            class="btn btn-ghost btn-icon"
            disabled=""
            type="button"
          >
            <svg
              aria-hidden="true"
              class="lucide lucide-chevron-left"
              data-mirror-rtl=""
              fill="none"
              focusable="false"
              height="16"
              stroke="currentColor"
              stroke-linecap="round"
              stroke-linejoin="round"
              stroke-width="1.75"
              viewBox="0 0 24 24"
              width="16"
              xmlns="http://www.w3.org/2000/svg"
            >
              <path
                d="m15 18-6-6 6-6"
              />
            </svg>
          </button>
          <strong
            aria-live="polite"
            id="_r_2g_"
          >
            août 2027
          </strong>
          <button
            aria-label="Mois suivant"
            class="btn btn-ghost btn-icon"
            disabled=""
            type="button"
          >
            <svg
              aria-hidden="true"
              class="lucide lucide-chevron-right"
              data-mirror-rtl=""
              fill="none"
              focusable="false"
              height="16"
              stroke="currentColor"
              stroke-linecap="round"
              stroke-linejoin="round"
              stroke-width="1.75"
              viewBox="0 0 24 24"
              width="16"
              xmlns="http://www.w3.org/2000/svg"
            >
              <path
                d="m9 18 6-6-6-6"
              />
            </svg>
          </button>
        </div>
        <table
          aria-labelledby="_r_2g_"
          class="cal-grid"
          role="grid"
        >
          <thead>
            <tr>
              <th
                scope="col"
              >
                <span
                  aria-hidden="true"
                >
                  dim.
                </span>
                <span
                  class="sr-only"
                >
                  dimanche
                </span>
              </th>
              <th
                scope="col"
              >
                <span
                  aria-hidden="true"
                >
                  lun.
                </span>
                <span
                  class="sr-only"
                >
                  lundi
                </span>
              </th>
              <th
                scope="col"
              >
                <span
                  aria-hidden="true"
                >
                  mar.
                </span>
                <span
                  class="sr-only"
                >
                  mardi
                </span>
              </th>
              <th
                scope="col"
              >
                <span
                  aria-hidden="true"
                >
                  mer.
                </span>
                <span
                  class="sr-only"
                >
                  mercredi
                </span>
              </th>
              <th
                scope="col"
              >
                <span
                  aria-hidden="true"
                >
                  jeu.
                </span>
                <span
                  class="sr-only"
                >
                  jeudi
                </span>
              </th>
              <th
                scope="col"
              >
                <span
                  aria-hidden="true"
                >
                  ven.
                </span>
                <span
                  class="sr-only"
                >
                  vendredi
                </span>
              </th>
              <th
                scope="col"
              >
                <span
                  aria-hidden="true"
                >
                  sam.
                </span>
                <span
                  class="sr-only"
                >
                  samedi
...

Ignored nodes: comments, script, style
<body>
  <div>
    <section
      aria-labelledby="booking-request-heading"
      class="card"
    >
      <h2
        id="booking-request-heading"
      >
        Demander cette salle
      </h2>
      <p
        class="muted"
      >
        Choisissez une date, puis envoyez votre demande. La salle répond ; rien n'est débité maintenant.
      </p>
      <div
        class="booking-calendar"
      >
        <div
          class="cal-head"
        >
          <button
            aria-label="Mois précédent"
            class="btn btn-ghost btn-icon"
            disabled=""
            type="button"
          >
            <svg
              aria-hidden="true"
              class="lucide lucide-chevron-left"
              data-mirror-rtl=""
              fill="none"
              focusable="false"
              height="16"
              stroke="currentColor"
              stroke-linecap="round"
              stroke-linejoin="round"
              stroke-width="1.75"
              viewBox="0 0 24 24"
              width="16"
              xmlns="http://www.w3.org/2000/svg"
            >
              <path
                d="m15 18-6-6 6-6"
              />
            </svg>
          </button>
          <strong
            aria-live="polite"
            id="_r_2g_"
          >
            août 2027
          </strong>
          <button
            aria-label="Mois suivant"
            class="btn btn-ghost btn-icon"
            disabled=""
            type="button"
          >
            <svg
              aria-hidden="true"
              class="lucide lucide-chevron-right"
              data-mirror-rtl=""
              fill="none"
              focusable="false"
              height="16"
              stroke="currentColor"
              stroke-linecap="round"
              stroke-linejoin="round"
              stroke-width="1.75"
              viewBox="0 0 24 24"
              width="16"
              xmlns="http://www.w3.org/2000/svg"
            >
              <path
                d="m9 18 6-6-6-6"
              />
            </svg>
          </button>
        </div>
        <table
          aria-labelledby="_r_2g_"
          class="cal-grid"
          role="grid"
        >
          <thead>
            <tr>
              <th
                scope="col"
              >
                <span
                  aria-hidden="true"
                >
                  dim.
                </span>
                <span
                  class="sr-only"
                >
                  dimanche
                </span>
              </th>
              <th
                scope="col"
              >
                <span
                  aria-hidden="true"
                >
                  lun.
                </span>
                <span
                  class="sr-only"
                >
                  lundi
                </span>
              </th>
              <th
                scope="col"
              >
                <span
                  aria-hidden="true"
                >
                  mar.
                </span>
                <span
                  class="sr-only"
                >
                  mardi
                </span>
              </th>
              <th
                scope="col"
              >
                <span
                  aria-hidden="true"
                >
                  mer.
                </span>
                <span
                  class="sr-only"
                >
                  mercredi
                </span>
              </th>
              <th
                scope="col"
              >
                <span
                  aria-hidden="true"
                >
                  jeu.
                </span>
                <span
                  class="sr-only"
                >
                  jeudi
                </span>
              </th>
              <th
                scope="col"
              >
                <span
                  aria-hidden="true"
                >
                  ven.
                </span>
                <span
                  class="sr-only"
                >
                  vendredi
                </span>
              </th>
              <th
                scope="col"
              >
                <span
                  aria-hidden="true"
                >
                  sam.
                </span>
                <span
                  class="sr-only"
                >
                  samedi
...
 ❯ waitForWrapper ../../node_modules/.pnpm/@testing-library+dom@10.4.1/node_modules/@testing-library/dom/dist/wait-for.js:163:27
 ❯ ../../node_modules/.pnpm/@testing-library+dom@10.4.1/node_modules/@testing-library/dom/dist/query-helpers.js:86:33
 ❯ choisir src/components/venue/booking-request-panel.test.tsx:93:32
     91| /** Choisir une date, comme un visiteur : le JOUR dans le calendrier, …
     92| async function choisir(date: string, creneau = /^Soirée · /): Promise<…
     93|   fireEvent.click(await screen.findByRole("button", { name: nomJour(da…
       |                                ^
     94|   fireEvent.click(await screen.findByRole("button", { name: creneau })…
     95| }
 ❯ src/components/venue/booking-request-panel.test.tsx:490:11

⎯⎯⎯⎯⎯⎯⎯⎯⎯⎯⎯⎯⎯⎯⎯⎯⎯⎯⎯⎯⎯⎯[16/16]⎯

